{"type":"FeatureCollection","features":[{"type":"Feature","properties":{"level":1,"classification":"low"},"geometry":{"type":"MultiPolygon","coordinates":[[[[123.858843,9.637087],[123.858842,9.636997],[123.85866,9.636997],[123.85866,9.637088],[123.858843,9.637087]]],[[[123.858843,9.637087],[123.858843,9.637178],[123.858934,9.637177],[123.858934,9.637087],[123.858843,9.637087]]],[[[123.858114,9.637324],[123.858114,9.63736],[123.858082,9.63736],[123.858098,9.637396],[123.858025,9.637451],[123.858205,9.637451],[123.858205,9.63736],[123.858388,9.63736],[123.858388,9.63745],[123.858479,9.63745],[123.858479,9.637359],[123.85857,9.637359],[123.85857,9.637269],[123.858752,9.637268],[123.858752,9.637178],[123.85866,9.637178],[123.85866,9.637088],[123.858484,9.637088],[123.858478,9.637179],[123.858361,9.637179],[123.858203,9.637338],[123.858114,9.637324]]],[[[123.858115,9.637632],[123.858115,9.637541],[123.858023,9.637541],[123.858024,9.637632],[123.858115,9.637632]]],[[[123.857477,9.637725],[123.857386,9.637724],[123.857295,9.63768],[123.857295,9.637724],[123.857204,9.637724],[123.857204,9.637815],[123.857022,9.637815],[123.857022,9.637906],[123.857478,9.637905],[123.857477,9.637725]]],[[[123.854564,9.638997],[123.854473,9.638997],[123.854473,9.639088],[123.854655,9.639087],[123.854655,9.638997],[123.854746,9.638997],[123.854746,9.638906],[123.854577,9.638907],[123.854564,9.638997]]],[[[123.854291,9.639179],[123.854291,9.639269],[123.8542,9.639269],[123.854201,9.63945],[123.854109,9.63945],[123.854112,9.640355],[123.854021,9.640355],[123.854022,9.640807],[123.853931,9.640807],[123.853931,9.640898],[123.85384,9.640898],[123.853842,9.641893],[123.853751,9.641893],[123.853752,9.642345],[123.853843,9.642345],[123.853843,9.642074],[123.853934,9.642073],[123.853934,9.642164],[123.854025,9.642164],[123.854024,9.641531],[123.854115,9.64153],[123.854113,9.640807],[123.854204,9.640807],[123.854203,9.640535],[123.854294,9.640535],[123.854294,9.640173],[123.854202,9.640174],[123.854201,9.639631],[123.854292,9.639631],[123.854292,9.63954],[123.854474,9.63954],[123.854474,9.639449],[123.854565,9.639449],[123.854565,9.639359],[123.854656,9.639359],[123.854656,9.639268],[123.854473,9.639269],[123.854473,9.639088],[123.854382,9.639088],[123.854382,9.639178],[123.854291,9.639179]]],[[[123.854656,9.639178],[123.854656,9.639268],[123.854747,9.639268],[123.854747,9.639177],[123.854656,9.639178]]],[[[123.854746,9.639087],[123.854747,9.639177],[123.854838,9.639177],[123.854838,9.639087],[123.854746,9.639087]]],[[[123.855111,9.638996],[123.855111,9.638905],[123.855202,9.638905],[123.855201,9.638724],[123.854837,9.638725],[123.854837,9.638815],[123.854746,9.638816],[123.854746,9.638906],[123.854928,9.638906],[123.854928,9.638996],[123.854837,9.638996],[123.854838,9.639087],[123.85502,9.639086],[123.85502,9.638996],[123.855111,9.638996]]],[[[123.854384,9.640083],[123.854383,9.639721],[123.854292,9.639721],[123.854293,9.640083],[123.854384,9.640083]]],[[[123.853753,9.642526],[123.853752,9.642436],[123.853661,9.642436],[123.853661,9.642526],[123.853753,9.642526]]],[[[123.853935,9.642707],[123.853935,9.642526],[123.853844,9.642526],[123.853844,9.642707],[123.853935,9.642707]]],[[[123.853662,9.642888],[123.853662,9.642798],[123.853571,9.642798],[123.853571,9.642888],[123.853662,9.642888]]],[[[123.853845,9.642888],[123.853754,9.642888],[123.853754,9.642978],[123.853845,9.642978],[123.853845,9.642888]]],[[[123.853482,9.643522],[123.853573,9.643521],[123.853573,9.643431],[123.853664,9.643431],[123.853663,9.64325],[123.853572,9.64325],[123.853572,9.643069],[123.853481,9.643069],[123.853481,9.64325],[123.85339,9.643251],[123.853391,9.643522],[123.853299,9.643522],[123.8533,9.643703],[123.853209,9.643703],[123.853209,9.643884],[123.853118,9.643884],[123.853119,9.644065],[123.853027,9.644065],[123.853028,9.644156],[123.852936,9.644156],[123.852937,9.644337],[123.852846,9.644337],[123.852846,9.644518],[123.852755,9.644518],[123.852756,9.644699],[123.852847,9.644699],[123.852846,9.644608],[123.852938,9.644608],[123.852937,9.644427],[123.853028,9.644427],[123.853028,9.644246],[123.853119,9.644246],[123.853119,9.644156],[123.85321,9.644155],[123.85321,9.644065],[123.853301,9.644065],[123.8533,9.643884],[123.853391,9.643884],[123.853391,9.643703],[123.853482,9.643703],[123.853482,9.643522]]],[[[123.851848,9.64642],[123.851849,9.64651],[123.85194,9.64651],[123.85194,9.646419],[123.851848,9.64642]]],[[[123.851667,9.646601],[123.851667,9.646782],[123.851576,9.646782],[123.851577,9.647053],[123.851668,9.647053],[123.851667,9.646872],[123.851758,9.646872],[123.851758,9.646691],[123.851849,9.646691],[123.851849,9.64651],[123.851758,9.64651],[123.851758,9.646601],[123.851667,9.646601]]],[[[123.850915,9.647996],[123.850883,9.64805],[123.850941,9.64805],[123.850941,9.647959],[123.850905,9.647959],[123.850915,9.647996]]],[[[123.849828,9.650223],[123.849853,9.650223],[123.849853,9.650133],[123.84983,9.650133],[123.849828,9.650223]]],[[[123.849853,9.650313],[123.849803,9.650314],[123.849763,9.650404],[123.849853,9.650404],[123.849853,9.650313]]],[[[123.849762,9.650406],[123.849687,9.650585],[123.849763,9.650585],[123.849762,9.650406]]],[[[123.84949,9.65088],[123.849445,9.650948],[123.84949,9.650947],[123.84949,9.65088]]],[[[123.849581,9.650766],[123.849672,9.650766],[123.849672,9.650608],[123.849505,9.650857],[123.849581,9.650857],[123.849581,9.650766]]],[[[123.849327,9.651129],[123.8494,9.651129],[123.849399,9.651038],[123.849327,9.651129]]],[[[123.8491,9.65152],[123.849082,9.651672],[123.849127,9.651672],[123.849128,9.651762],[123.849219,9.651762],[123.849218,9.651491],[123.849044,9.651491],[123.8491,9.65152]]],[[[123.849037,9.651943],[123.849128,9.651943],[123.849128,9.651853],[123.849059,9.651853],[123.849037,9.651943]]],[[[123.848765,9.652396],[123.848856,9.652396],[123.848856,9.652306],[123.848767,9.652309],[123.848765,9.652396]]],[[[123.848511,9.652759],[123.848492,9.652849],[123.848584,9.652849],[123.848583,9.652758],[123.848511,9.652759]]],[[[123.848402,9.65294],[123.848402,9.65303],[123.848493,9.65303],[123.848493,9.65294],[123.848402,9.65294]]],[[[123.848402,9.65303],[123.848311,9.65303],[123.848311,9.653121],[123.848402,9.653121],[123.848402,9.65303]]],[[[123.84822,9.653121],[123.84822,9.653086],[123.84816,9.653162],[123.848129,9.653148],[123.848129,9.653302],[123.84822,9.653302],[123.84822,9.653212],[123.848311,9.653211],[123.848311,9.653121],[123.84822,9.653121]]],[[[123.847676,9.654479],[123.847676,9.654298],[123.847625,9.654298],[123.847585,9.654479],[123.847676,9.654479]]],[[[123.847327,9.655565],[123.847315,9.655746],[123.847406,9.655746],[123.847406,9.655655],[123.847497,9.655655],[123.847496,9.655195],[123.847405,9.655366],[123.847406,9.655565],[123.847327,9.655565]]],[[[123.847174,9.655837],[123.847224,9.655837],[123.847224,9.655765],[123.847174,9.655837]]],[[[123.847315,9.655836],[123.847224,9.655837],[123.847224,9.655927],[123.847315,9.655927],[123.847315,9.655836]]],[[[123.847055,9.656116],[123.846981,9.65634],[123.84684,9.656404],[123.84683,9.656497],[123.846659,9.656654],[123.84666,9.656699],[123.846588,9.656731],[123.846589,9.657104],[123.84668,9.657104],[123.84668,9.656833],[123.846771,9.656833],[123.84677,9.656652],[123.846861,9.656652],[123.846861,9.656561],[123.846952,9.656561],[123.846952,9.65638],[123.847043,9.65638],[123.847043,9.656289],[123.847134,9.656289],[123.847134,9.656108],[123.847225,9.656108],[123.847224,9.656018],[123.847125,9.656018],[123.847055,9.656116]]],[[[123.846409,9.656953],[123.846407,9.657014],[123.846498,9.657014],[123.846485,9.656976],[123.846409,9.656953]]],[[[123.84659,9.657376],[123.84659,9.657285],[123.846498,9.657285],[123.846499,9.657376],[123.84659,9.657376]]],[[[123.846499,9.657466],[123.846408,9.657467],[123.846408,9.657557],[123.846499,9.657557],[123.846499,9.657466]]],[[[123.846408,9.657647],[123.846317,9.657648],[123.846317,9.657738],[123.846408,9.657738],[123.846408,9.657647]]],[[[123.846318,9.657919],[123.846318,9.657829],[123.846226,9.657829],[123.846227,9.657919],[123.846318,9.657919]]],[[[123.845864,9.658553],[123.845864,9.658644],[123.845955,9.658643],[123.845955,9.658553],[123.845864,9.658553]]],[[[123.845864,9.658644],[123.845773,9.658645],[123.845773,9.658734],[123.845864,9.658734],[123.845864,9.658644]]],[[[123.845682,9.659006],[123.845682,9.658915],[123.845616,9.658916],[123.845599,9.658991],[123.845682,9.659006]]],[[[123.845411,9.65964],[123.845359,9.65964],[123.845312,9.659821],[123.845411,9.65982],[123.845411,9.65964]]],[[[123.84511,9.65999],[123.845138,9.660002],[123.845138,9.660092],[123.845229,9.660092],[123.845229,9.660002],[123.84532,9.660002],[123.84532,9.659911],[123.845257,9.659911],[123.845188,9.660007],[123.84511,9.65999]]],[[[123.845093,9.660092],[123.845054,9.660183],[123.845139,9.660183],[123.845138,9.660092],[123.845093,9.660092]]],[[[123.844923,9.660274],[123.844957,9.66042],[123.844957,9.660274],[123.844923,9.660274]]],[[[123.844957,9.660635],[123.845049,9.660635],[123.845048,9.660454],[123.844965,9.660455],[123.844957,9.660635]]],[[[123.844867,9.660803],[123.844867,9.660817],[123.844958,9.660816],[123.844958,9.660726],[123.844926,9.660726],[123.844867,9.660803]]],[[[123.844505,9.661812],[123.844504,9.661722],[123.844456,9.661722],[123.844413,9.661812],[123.844505,9.661812]]],[[[123.844326,9.661903],[123.844414,9.661903],[123.844413,9.661812],[123.844326,9.661903]]],[[[123.844246,9.662265],[123.844323,9.662265],[123.844323,9.662174],[123.844246,9.662265]]],[[[123.844205,9.662314],[123.844203,9.662356],[123.844233,9.662356],[123.844232,9.662282],[123.844205,9.662314]]],[[[123.84423,9.662536],[123.844233,9.662543],[123.844233,9.662536],[123.84423,9.662536]]],[[[123.844325,9.662898],[123.844325,9.662808],[123.844255,9.662808],[123.844251,9.662898],[123.844325,9.662898]]],[[[123.844281,9.66326],[123.844326,9.66326],[123.844325,9.662988],[123.844261,9.663057],[123.8443,9.663177],[123.844281,9.66326]]],[[[123.844417,9.663259],[123.844326,9.66326],[123.844326,9.663331],[123.844417,9.66335],[123.844417,9.663259]]],[[[123.8446,9.663349],[123.844508,9.66335],[123.844509,9.66344],[123.8446,9.66344],[123.8446,9.663349]]],[[[123.844601,9.663802],[123.844692,9.663801],[123.844692,9.663711],[123.844601,9.663711],[123.844601,9.663802]]],[[[123.844145,9.663893],[123.844145,9.663803],[123.844128,9.663803],[123.84411,9.663893],[123.844145,9.663893]]],[[[123.844145,9.663984],[123.844104,9.663984],[123.844068,9.664074],[123.844146,9.664074],[123.844145,9.663984]]],[[[123.844031,9.665069],[123.844057,9.665069],[123.844057,9.664979],[123.843975,9.664979],[123.844031,9.665069]]],[[[123.844057,9.66516],[123.84399,9.66516],[123.844005,9.665184],[123.844057,9.665242],[123.844057,9.66516]]],[[[123.844331,9.665249],[123.844067,9.66525],[123.844091,9.66534],[123.844331,9.66534],[123.844331,9.665249]]],[[[123.844242,9.666335],[123.844334,9.666335],[123.844333,9.666015],[123.844242,9.666335]]],[[[123.844198,9.666516],[123.844165,9.666606],[123.844243,9.666606],[123.844243,9.666516],[123.844198,9.666516]]],[[[123.851476,9.679611],[123.851476,9.679521],[123.851385,9.679521],[123.851385,9.679612],[123.851476,9.679611]]],[[[123.851568,9.679792],[123.851568,9.679702],[123.851476,9.679702],[123.851477,9.679792],[123.851568,9.679792]]],[[[123.851568,9.679792],[123.851568,9.679882],[123.851659,9.679882],[123.851659,9.679792],[123.851568,9.679792]]],[[[123.856518,9.690904],[123.856518,9.690813],[123.856485,9.690813],[123.856477,9.690904],[123.856518,9.690904]]],[[[123.868035,9.632361],[123.867944,9.632362],[123.867944,9.632452],[123.868035,9.632452],[123.868035,9.632361]]],[[[123.867853,9.632452],[123.867762,9.632453],[123.867762,9.632543],[123.867853,9.632543],[123.867853,9.632452]]],[[[123.867671,9.632634],[123.867671,9.632543],[123.86758,9.632543],[123.86758,9.632634],[123.867671,9.632634]]],[[[123.867398,9.632634],[123.867398,9.632725],[123.867489,9.632725],[123.867489,9.632634],[123.867398,9.632634]]],[[[123.867945,9.632814],[123.867945,9.632723],[123.867854,9.632724],[123.867854,9.632814],[123.867945,9.632814]]],[[[123.867398,9.632815],[123.867398,9.632725],[123.867216,9.632725],[123.867216,9.632816],[123.867398,9.632815]]],[[[123.867763,9.632905],[123.867763,9.632814],[123.867672,9.632815],[123.867672,9.632905],[123.867763,9.632905]]],[[[123.867034,9.632816],[123.867034,9.632907],[123.867125,9.632906],[123.867125,9.632816],[123.867034,9.632816]]],[[[123.867581,9.632996],[123.867581,9.632905],[123.86749,9.632905],[123.86749,9.632996],[123.867581,9.632996]]],[[[123.867034,9.632907],[123.866943,9.632907],[123.866943,9.632997],[123.867034,9.632997],[123.867034,9.632907]]],[[[123.867399,9.632996],[123.867308,9.632996],[123.867308,9.633087],[123.867399,9.633087],[123.867399,9.632996]]],[[[123.866943,9.633088],[123.866943,9.632997],[123.866761,9.632998],[123.866761,9.633088],[123.866943,9.633088]]],[[[123.867126,9.633087],[123.867126,9.633178],[123.867217,9.633177],[123.867217,9.633087],[123.867126,9.633087]]],[[[123.866761,9.633179],[123.866761,9.633088],[123.866579,9.633089],[123.866579,9.633179],[123.866761,9.633179]]],[[[123.867126,9.633178],[123.867035,9.633178],[123.867035,9.633268],[123.867126,9.633268],[123.867126,9.633178]]],[[[123.866579,9.633179],[123.866488,9.633179],[123.866488,9.63327],[123.866579,9.633269],[123.866579,9.633179]]],[[[123.866488,9.63336],[123.866488,9.63327],[123.866397,9.63327],[123.866397,9.63336],[123.866488,9.63336]]],[[[123.866397,9.633451],[123.866397,9.63336],[123.866306,9.633361],[123.866306,9.633451],[123.866397,9.633451]]],[[[123.866671,9.633541],[123.866671,9.63345],[123.86658,9.63345],[123.86658,9.633541],[123.866671,9.633541]]],[[[123.866306,9.633451],[123.866215,9.633451],[123.866215,9.633542],[123.866307,9.633541],[123.866306,9.633451]]],[[[123.865021,9.634069],[123.86498,9.634023],[123.86485,9.633997],[123.86485,9.634088],[123.865123,9.634087],[123.865123,9.634178],[123.865032,9.634178],[123.865033,9.634268],[123.865215,9.634268],[123.865215,9.634177],[123.865397,9.634177],[123.865397,9.634086],[123.865852,9.634085],[123.865852,9.633995],[123.866125,9.633994],[123.866125,9.633904],[123.866216,9.633903],[123.866216,9.633813],[123.866398,9.633813],[123.866398,9.633722],[123.866216,9.633723],[123.866215,9.633542],[123.866124,9.633542],[123.866125,9.633632],[123.866033,9.633633],[123.866034,9.633723],[123.865943,9.633723],[123.865943,9.633814],[123.86576,9.633814],[123.865761,9.633905],[123.86567,9.633905],[123.86567,9.633995],[123.865488,9.633996],[123.865487,9.633905],[123.865305,9.633906],[123.865305,9.633835],[123.86519,9.63389],[123.865127,9.633999],[123.865021,9.634069]]],[[[123.864758,9.634011],[123.86472,9.63402],[123.864702,9.634088],[123.864759,9.634088],[123.864758,9.634011]]],[[[123.865033,9.634359],[123.865033,9.634268],[123.86485,9.634269],[123.864851,9.634359],[123.865033,9.634359]]],[[[123.864851,9.634449],[123.864851,9.634359],[123.864759,9.634359],[123.86476,9.63445],[123.864851,9.634449]]],[[[123.864668,9.63445],[123.864577,9.63445],[123.864578,9.634541],[123.864669,9.63454],[123.864668,9.63445]]],[[[123.864486,9.634541],[123.864395,9.634541],[123.864396,9.634632],[123.864487,9.634631],[123.864486,9.634541]]],[[[123.864305,9.634722],[123.864304,9.634632],[123.864031,9.634632],[123.864031,9.634723],[123.864305,9.634722]]],[[[123.863576,9.634724],[123.863575,9.63466],[123.863484,9.634675],[123.863484,9.634724],[123.863576,9.634724]]],[[[123.86394,9.634814],[123.86394,9.634723],[123.863758,9.634724],[123.863758,9.634814],[123.86394,9.634814]]],[[[123.863394,9.634815],[123.863393,9.634724],[123.863302,9.634759],[123.863302,9.634815],[123.863394,9.634815]]],[[[123.863667,9.634814],[123.863576,9.634814],[123.863576,9.634905],[123.863667,9.634905],[123.863667,9.634814]]],[[[123.863485,9.634996],[123.863485,9.634905],[123.863394,9.634905],[123.863394,9.634996],[123.863485,9.634996]]],[[[123.863303,9.635086],[123.863303,9.634996],[123.863212,9.634996],[123.863212,9.635087],[123.863303,9.635086]]],[[[123.861847,9.635723],[123.861846,9.635633],[123.862029,9.635632],[123.862028,9.635542],[123.862211,9.635541],[123.86221,9.635451],[123.862393,9.63545],[123.862392,9.63536],[123.862666,9.635359],[123.862666,9.635269],[123.862848,9.635268],[123.862848,9.635178],[123.863121,9.635177],[123.863121,9.635087],[123.86303,9.635087],[123.863029,9.634997],[123.863121,9.634996],[123.86312,9.634906],[123.863211,9.634906],[123.863211,9.63483],[123.86316,9.63487],[123.86303,9.63484],[123.862941,9.634985],[123.862756,9.635036],[123.862756,9.635088],[123.862574,9.635088],[123.862574,9.635179],[123.862392,9.635179],[123.862392,9.63527],[123.86221,9.63527],[123.86221,9.63536],[123.862028,9.635361],[123.862028,9.635451],[123.861755,9.635452],[123.861755,9.635543],[123.861482,9.635543],[123.861482,9.635634],[123.861391,9.635634],[123.861391,9.635724],[123.861209,9.635725],[123.861209,9.635815],[123.860935,9.635816],[123.860936,9.635906],[123.860753,9.635907],[123.860754,9.635997],[123.860571,9.635998],[123.860572,9.636088],[123.860389,9.636089],[123.86039,9.636179],[123.860207,9.636179],[123.860207,9.63627],[123.860116,9.63627],[123.860117,9.636361],[123.860299,9.63636],[123.860299,9.63627],[123.860663,9.636269],[123.860663,9.636178],[123.860845,9.636178],[123.860845,9.636087],[123.861027,9.636087],[123.861027,9.635997],[123.861209,9.635996],[123.861209,9.635906],[123.861482,9.635905],[123.861482,9.635814],[123.861664,9.635814],[123.861664,9.635724],[123.861847,9.635723]]],[[[123.859479,9.636633],[123.859297,9.636634],[123.859297,9.636724],[123.859115,9.636725],[123.859115,9.636815],[123.85902,9.636815],[123.858987,9.63687],[123.858933,9.636854],[123.858933,9.636906],[123.858842,9.636906],[123.858842,9.636997],[123.859025,9.636996],[123.859024,9.636906],[123.859115,9.636906],[123.859116,9.636996],[123.859298,9.636996],[123.859298,9.636905],[123.859389,9.636905],[123.859389,9.636815],[123.85948,9.636814],[123.85948,9.636724],[123.859571,9.636724],[123.85957,9.636633],[123.859662,9.636633],[123.859661,9.636543],[123.859479,9.636543],[123.859479,9.636633]]],[[[123.859116,9.636996],[123.859025,9.636996],[123.859025,9.637087],[123.859116,9.637087],[123.859116,9.636996]]],[[[123.862811,9.656431],[123.86281,9.656341],[123.862628,9.656341],[123.862628,9.656431],[123.862811,9.656431]]],[[[123.862451,9.658241],[123.86245,9.65815],[123.862359,9.65815],[123.862359,9.658241],[123.862451,9.658241]]],[[[123.859815,9.661141],[123.859814,9.66087],[123.859723,9.66087],[123.859724,9.661142],[123.859815,9.661141]]],[[[123.860184,9.662768],[123.860092,9.662768],[123.860092,9.662497],[123.860001,9.662497],[123.86,9.662226],[123.859909,9.662226],[123.859908,9.661865],[123.859817,9.661865],[123.859816,9.661503],[123.859725,9.661503],[123.859726,9.662227],[123.859818,9.662227],[123.859819,9.662679],[123.85991,9.662678],[123.859911,9.66295],[123.860002,9.66295],[123.860002,9.66313],[123.860093,9.66313],[123.860094,9.663402],[123.860185,9.663401],[123.860185,9.663492],[123.860277,9.663492],[123.860276,9.66313],[123.860184,9.66313],[123.860184,9.662768]]],[[[123.860461,9.664486],[123.860552,9.664486],[123.860553,9.664576],[123.860644,9.664576],[123.860643,9.664395],[123.860552,9.664395],[123.860552,9.664214],[123.860461,9.664215],[123.86046,9.664034],[123.860369,9.664034],[123.86037,9.664305],[123.860461,9.664305],[123.860461,9.664486]]],[[[123.860645,9.665118],[123.860554,9.665119],[123.860556,9.665752],[123.860647,9.665752],[123.860647,9.665932],[123.860556,9.665933],[123.860557,9.666294],[123.860648,9.666294],[123.860648,9.666113],[123.860739,9.666113],[123.860737,9.66548],[123.860646,9.66548],[123.860645,9.665209],[123.860828,9.665208],[123.860827,9.664937],[123.860645,9.664938],[123.860645,9.665118]]],[[[123.860556,9.665842],[123.860556,9.665752],[123.860465,9.665752],[123.860465,9.665842],[123.860556,9.665842]]],[[[123.861295,9.669639],[123.861386,9.669639],[123.861385,9.669367],[123.861476,9.669367],[123.861476,9.669186],[123.861385,9.669186],[123.861384,9.668915],[123.861293,9.668915],[123.861292,9.668463],[123.861201,9.668463],[123.8612,9.668102],[123.861109,9.668102],[123.861111,9.669006],[123.861202,9.669006],[123.861203,9.669277],[123.861294,9.669277],[123.861295,9.669639]]],[[[123.861568,9.669548],[123.861568,9.669457],[123.861477,9.669457],[123.861477,9.669548],[123.861568,9.669548]]],[[[123.861569,9.669819],[123.86166,9.669819],[123.861659,9.669638],[123.861568,9.669638],[123.861569,9.669819]]],[[[123.861477,9.669638],[123.861386,9.669639],[123.861387,9.66991],[123.861478,9.66991],[123.861477,9.669638]]],[[[123.861751,9.669818],[123.86166,9.669819],[123.86166,9.67],[123.861751,9.669999],[123.861751,9.669818]]],[[[123.861569,9.67],[123.861478,9.67],[123.861479,9.670271],[123.86157,9.670271],[123.861569,9.67]]],[[[123.861843,9.67009],[123.861752,9.67009],[123.861752,9.670271],[123.861843,9.67027],[123.861843,9.67009]]],[[[123.861662,9.670814],[123.861661,9.670361],[123.86157,9.670362],[123.861571,9.670814],[123.861662,9.670814]]],[[[123.861847,9.671627],[123.861938,9.671627],[123.861935,9.670632],[123.861844,9.670632],[123.861846,9.671446],[123.861755,9.671446],[123.861754,9.670994],[123.861663,9.670994],[123.861665,9.671989],[123.861756,9.671989],[123.861756,9.671899],[123.861847,9.671898],[123.861847,9.671627]]],[[[123.865314,9.673246],[123.865223,9.673246],[123.865223,9.673337],[123.865497,9.673336],[123.865496,9.673155],[123.865314,9.673156],[123.865314,9.673246]]],[[[123.862038,9.675063],[123.862038,9.675334],[123.86213,9.675334],[123.86213,9.675515],[123.862221,9.675515],[123.86222,9.675153],[123.862311,9.675153],[123.862311,9.674972],[123.86222,9.674972],[123.86222,9.675063],[123.862038,9.675063]]],[[[123.864409,9.6756],[123.864409,9.675509],[123.864226,9.67551],[123.864227,9.6756],[123.864135,9.6756],[123.864136,9.675781],[123.864318,9.675781],[123.864318,9.675871],[123.864501,9.675871],[123.864501,9.675961],[123.864592,9.675961],[123.864592,9.676052],[123.864683,9.676051],[123.864683,9.67578],[123.864592,9.67578],[123.864591,9.675599],[123.864409,9.6756]]],[[[123.864501,9.676142],[123.864501,9.676052],[123.86441,9.676052],[123.86441,9.676142],[123.864501,9.676142]]],[[[123.864502,9.676323],[123.864502,9.676233],[123.86441,9.676233],[123.86441,9.676142],[123.864319,9.676143],[123.86432,9.676324],[123.864502,9.676323]]],[[[123.864501,9.676142],[123.864502,9.676233],[123.864593,9.676232],[123.864593,9.676142],[123.864501,9.676142]]],[[[123.86432,9.676324],[123.864228,9.676324],[123.864229,9.676414],[123.86432,9.676414],[123.86432,9.676324]]],[[[123.86505,9.676955],[123.865142,9.676955],[123.865142,9.677045],[123.865233,9.677045],[123.865232,9.676864],[123.86505,9.676864],[123.86505,9.676955]]],[[[123.865324,9.677045],[123.865233,9.677045],[123.865233,9.677226],[123.865324,9.677225],[123.865324,9.677045]]],[[[123.865052,9.677407],[123.865234,9.677406],[123.865233,9.677226],[123.865142,9.677226],[123.865142,9.677316],[123.86496,9.677317],[123.864961,9.677588],[123.865052,9.677588],[123.865052,9.677407]]],[[[123.864596,9.677499],[123.864596,9.677408],[123.863958,9.67741],[123.863958,9.6775],[123.863867,9.6775],[123.863867,9.677591],[123.863776,9.677591],[123.863776,9.677681],[123.863958,9.677681],[123.863958,9.677591],[123.864505,9.677589],[123.864505,9.677499],[123.864596,9.677499]]],[[[123.865052,9.677588],[123.865052,9.677678],[123.865143,9.677678],[123.865143,9.677588],[123.865052,9.677588]]],[[[123.865234,9.677678],[123.865143,9.677678],[123.865144,9.677768],[123.865235,9.677768],[123.865234,9.677678]]],[[[123.865052,9.677769],[123.865052,9.677678],[123.864961,9.677678],[123.864961,9.677769],[123.865052,9.677769]]],[[[123.867332,9.678034],[123.867605,9.678034],[123.867605,9.677943],[123.867514,9.677943],[123.867514,9.677853],[123.867422,9.677853],[123.867422,9.677763],[123.867331,9.677763],[123.867331,9.677673],[123.86724,9.677673],[123.867239,9.677582],[123.867148,9.677583],[123.867149,9.677854],[123.86724,9.677854],[123.86724,9.677944],[123.867332,9.677944],[123.867332,9.678034]]],[[[123.865235,9.677768],[123.865235,9.677859],[123.865326,9.677858],[123.865326,9.677768],[123.865235,9.677768]]],[[[123.865053,9.67795],[123.864962,9.67795],[123.864962,9.67804],[123.865053,9.67804],[123.865053,9.67795]]],[[[123.867696,9.678033],[123.867605,9.678034],[123.867605,9.678124],[123.867697,9.678124],[123.867696,9.678033]]],[[[123.865236,9.678311],[123.865145,9.678311],[123.865145,9.678402],[123.865327,9.678401],[123.865328,9.678491],[123.86551,9.678491],[123.86551,9.67831],[123.865601,9.67831],[123.8656,9.678219],[123.865236,9.67822],[123.865236,9.678311]]],[[[123.863778,9.678495],[123.863778,9.678405],[123.86396,9.678405],[123.86396,9.678314],[123.863687,9.678315],[123.863687,9.678405],[123.863505,9.678406],[123.863505,9.678587],[123.863687,9.678586],[123.863687,9.678496],[123.863778,9.678495]]],[[[123.863505,9.678587],[123.863414,9.678587],[123.863414,9.678677],[123.863505,9.678677],[123.863505,9.678587]]],[[[123.863506,9.679039],[123.863597,9.679038],[123.863597,9.678858],[123.863415,9.678858],[123.863415,9.678949],[123.863506,9.678948],[123.863506,9.679039]]],[[[123.862057,9.682479],[123.862057,9.682569],[123.861966,9.68257],[123.861966,9.68266],[123.862148,9.68266],[123.862148,9.682479],[123.862057,9.682479]]],[[[123.861966,9.682751],[123.861966,9.68266],[123.861784,9.682661],[123.861784,9.682751],[123.861966,9.682751]]],[[[123.861883,9.685916],[123.861883,9.685826],[123.861792,9.685826],[123.861792,9.685916],[123.861883,9.685916]]],[[[123.867354,9.686716],[123.867263,9.686716],[123.867263,9.686807],[123.867354,9.686807],[123.867354,9.686716]]],[[[123.867172,9.686626],[123.866533,9.686628],[123.866534,9.686809],[123.866716,9.686808],[123.866716,9.686899],[123.866899,9.686898],[123.866898,9.686717],[123.867172,9.686717],[123.867172,9.686626]]],[[[123.867537,9.686897],[123.867537,9.686806],[123.867445,9.686806],[123.867446,9.686897],[123.867537,9.686897]]],[[[123.867081,9.686988],[123.867081,9.686898],[123.86699,9.686898],[123.86699,9.686988],[123.867081,9.686988]]],[[[123.867264,9.686988],[123.867264,9.687078],[123.867446,9.687078],[123.867446,9.687168],[123.867538,9.687168],[123.867538,9.687258],[123.867629,9.687258],[123.867629,9.687349],[123.86772,9.687348],[123.867721,9.687439],[123.867812,9.687439],[123.867813,9.6878],[123.867904,9.6878],[123.867903,9.687529],[123.867994,9.687529],[123.867993,9.687257],[123.867902,9.687257],[123.867902,9.687167],[123.867811,9.687167],[123.867811,9.687077],[123.86772,9.687077],[123.867719,9.686987],[123.867628,9.686987],[123.867628,9.687077],[123.867537,9.687077],[123.867537,9.686987],[123.867264,9.686988]]],[[[123.861978,9.687272],[123.862069,9.687272],[123.862068,9.687001],[123.862159,9.687001],[123.862159,9.68691],[123.861977,9.686911],[123.861977,9.687001],[123.861886,9.687001],[123.861886,9.687092],[123.861795,9.687092],[123.861796,9.687635],[123.861887,9.687634],[123.861888,9.687996],[123.861797,9.687996],[123.861798,9.688449],[123.861707,9.688449],[123.861708,9.68863],[123.861799,9.688629],[123.8618,9.688901],[123.861891,9.6889],[123.861891,9.689172],[123.861983,9.689172],[123.861983,9.689443],[123.862074,9.689443],[123.862075,9.689624],[123.862166,9.689623],[123.862167,9.689895],[123.862258,9.689894],[123.862258,9.690075],[123.862349,9.690075],[123.86235,9.690346],[123.862441,9.690346],[123.862441,9.690075],[123.862532,9.690075],[123.862532,9.690165],[123.862623,9.690165],[123.862623,9.689984],[123.862532,9.689984],[123.862531,9.689803],[123.86244,9.689803],[123.86244,9.689713],[123.862349,9.689713],[123.862348,9.689532],[123.862257,9.689533],[123.862256,9.689261],[123.862165,9.689262],[123.862165,9.689081],[123.862073,9.689081],[123.862073,9.688719],[123.861981,9.688719],[123.861978,9.687272]]],[[[123.867087,9.68934],[123.866996,9.68934],[123.866996,9.68943],[123.86727,9.68943],[123.86727,9.689339],[123.867361,9.689339],[123.867361,9.689248],[123.867452,9.689248],[123.867451,9.689158],[123.867543,9.689158],[123.867542,9.688886],[123.867451,9.688886],[123.867451,9.688977],[123.867269,9.688977],[123.867269,9.689068],[123.867178,9.689068],[123.867178,9.689249],[123.867087,9.689249],[123.867087,9.68934]]],[[[123.865537,9.689072],[123.865446,9.689072],[123.865446,9.689253],[123.865538,9.689253],[123.865537,9.689072]]],[[[123.866905,9.68943],[123.866905,9.68925],[123.866814,9.68925],[123.866813,9.689069],[123.866722,9.689069],[123.866723,9.68934],[123.866814,9.68934],[123.866814,9.689431],[123.866905,9.68943]]],[[[123.865356,9.689344],[123.865173,9.689344],[123.865173,9.689435],[123.865356,9.689434],[123.865356,9.689344]]],[[[123.862623,9.690165],[123.862624,9.690346],[123.862715,9.690345],[123.862714,9.690165],[123.862623,9.690165]]],[[[123.862806,9.690345],[123.862715,9.690345],[123.862715,9.690436],[123.862806,9.690436],[123.862806,9.690345]]],[[[123.86627,9.690517],[123.866361,9.690517],[123.866361,9.690427],[123.866452,9.690426],[123.866452,9.690336],[123.866178,9.690337],[123.866179,9.690427],[123.86627,9.690427],[123.86627,9.690517]]],[[[123.862533,9.690527],[123.862533,9.690436],[123.862442,9.690437],[123.862442,9.690527],[123.862533,9.690527]]],[[[123.862897,9.690526],[123.862806,9.690526],[123.862807,9.690616],[123.862898,9.690616],[123.862897,9.690526]]],[[[123.86308,9.690706],[123.86308,9.690616],[123.862989,9.690616],[123.862989,9.690706],[123.86308,9.690706]]],[[[123.862533,9.690708],[123.862625,9.690707],[123.862624,9.690617],[123.862533,9.690617],[123.862533,9.690708]]],[[[123.863171,9.690706],[123.86308,9.690706],[123.86308,9.690797],[123.863172,9.690796],[123.863171,9.690706]]],[[[123.862716,9.690707],[123.862625,9.690707],[123.862625,9.690798],[123.862716,9.690798],[123.862716,9.690707]]],[[[123.863536,9.690886],[123.863536,9.690796],[123.863263,9.690796],[123.863263,9.690887],[123.863536,9.690886]]],[[[123.862716,9.690798],[123.862716,9.690888],[123.862807,9.690888],[123.862807,9.690797],[123.862716,9.690798]]],[[[123.862898,9.690888],[123.862807,9.690888],[123.862808,9.690978],[123.862899,9.690978],[123.862898,9.690888]]],[[[123.867547,9.690966],[123.867456,9.690967],[123.867456,9.691057],[123.867639,9.691056],[123.867638,9.690876],[123.867547,9.690876],[123.867547,9.690966]]],[[[123.863081,9.691068],[123.863081,9.690978],[123.86299,9.690978],[123.86299,9.691068],[123.863081,9.691068]]],[[[123.863536,9.690886],[123.863537,9.690976],[123.863628,9.690976],[123.863628,9.691157],[123.863446,9.691158],[123.863446,9.691248],[123.863537,9.691248],[123.863538,9.691338],[123.86454,9.691336],[123.86454,9.691155],[123.864266,9.691155],[123.864266,9.691065],[123.86381,9.691066],[123.86381,9.690976],[123.863719,9.690976],[123.863719,9.690886],[123.863536,9.690886]]],[[[123.863446,9.691158],[123.863446,9.691067],[123.863263,9.691068],[123.863264,9.691158],[123.863446,9.691158]]],[[[123.865817,9.691423],[123.865817,9.691513],[123.865999,9.691513],[123.865999,9.691422],[123.865817,9.691423]]],[[[123.865817,9.691604],[123.865817,9.691513],[123.865635,9.691514],[123.865634,9.691423],[123.865452,9.691424],[123.865453,9.691695],[123.865726,9.691694],[123.865726,9.691604],[123.865817,9.691604]]],[[[123.864541,9.691697],[123.864541,9.691607],[123.864359,9.691607],[123.864359,9.691788],[123.864541,9.691788],[123.864542,9.691878],[123.864633,9.691878],[123.864632,9.691697],[123.864541,9.691697]]],[[[123.865638,9.692961],[123.866094,9.69296],[123.866094,9.692869],[123.86582,9.69287],[123.86582,9.692779],[123.865911,9.692779],[123.865911,9.692689],[123.86582,9.692689],[123.86582,9.692599],[123.865728,9.692599],[123.865729,9.692689],[123.865638,9.692689],[123.865637,9.692509],[123.865728,9.692508],[123.865728,9.692237],[123.865545,9.692237],[123.865547,9.692871],[123.865638,9.69287],[123.865638,9.692961]]],[[[123.866732,9.692777],[123.866731,9.692687],[123.866458,9.692687],[123.866458,9.692597],[123.865911,9.692598],[123.865911,9.692689],[123.866276,9.692688],[123.866276,9.692778],[123.866094,9.692779],[123.866094,9.692869],[123.86655,9.692868],[123.866549,9.692778],[123.866732,9.692777]]],[[[123.867371,9.693228],[123.867371,9.693318],[123.86728,9.693318],[123.86728,9.693409],[123.867189,9.693409],[123.867189,9.693499],[123.867371,9.693499],[123.867371,9.693409],[123.867462,9.693408],[123.867462,9.693227],[123.867371,9.693228]]],[[[123.867736,9.693498],[123.868192,9.693497],[123.868192,9.693406],[123.867736,9.693408],[123.867736,9.693498]]],[[[123.867554,9.693499],[123.867463,9.693499],[123.867463,9.693589],[123.867554,9.693589],[123.867554,9.693499]]],[[[123.867189,9.693499],[123.867098,9.6935],[123.867098,9.693681],[123.86719,9.69368],[123.867189,9.693499]]],[[[123.867646,9.69377],[123.867645,9.693679],[123.867554,9.693679],[123.867554,9.69377],[123.867646,9.69377]]],[[[123.867281,9.69368],[123.86719,9.69368],[123.86719,9.693771],[123.867281,9.693771],[123.867281,9.69368]]],[[[123.86774,9.695035],[123.867831,9.695035],[123.867831,9.694945],[123.86774,9.694945],[123.86774,9.695035]]],[[[123.867923,9.69511],[123.867922,9.695035],[123.867831,9.695035],[123.867831,9.695126],[123.867923,9.69511]]],[[[123.867467,9.695127],[123.867558,9.695126],[123.867558,9.695036],[123.867467,9.695036],[123.867467,9.695127]]],[[[123.86774,9.695146],[123.86774,9.695126],[123.867649,9.695126],[123.86774,9.695146]]],[[[123.86735,9.695127],[123.867467,9.695133],[123.867467,9.695127],[123.86735,9.695127]]],[[[123.869674,9.631815],[123.869401,9.631815],[123.869401,9.631906],[123.869128,9.631906],[123.869128,9.631997],[123.868854,9.631998],[123.868855,9.632088],[123.868672,9.632089],[123.868673,9.632179],[123.868946,9.632178],[123.868946,9.632088],[123.869219,9.632087],[123.869219,9.631997],[123.869492,9.631996],[123.869492,9.631906],[123.869583,9.631905],[123.869584,9.632086],[123.869766,9.632086],[123.869766,9.631995],[123.869857,9.631995],[123.869857,9.631905],[123.869948,9.631904],[123.869947,9.631724],[123.869674,9.631724],[123.869674,9.631815]]],[[[123.869493,9.632177],[123.869493,9.632086],[123.869401,9.632087],[123.869402,9.632177],[123.869493,9.632177]]],[[[123.869311,9.632268],[123.869311,9.632177],[123.869219,9.632178],[123.86922,9.632268],[123.869311,9.632268]]],[[[123.868399,9.63218],[123.868399,9.63227],[123.868582,9.63227],[123.868581,9.632179],[123.868399,9.63218]]],[[[123.868946,9.632359],[123.869038,9.632359],[123.869037,9.632268],[123.868946,9.632269],[123.868946,9.632359]]],[[[123.8684,9.632361],[123.868399,9.63227],[123.868126,9.632271],[123.868126,9.632361],[123.8684,9.632361]]],[[[123.868855,9.632359],[123.868764,9.63236],[123.868764,9.63245],[123.868856,9.63245],[123.868855,9.632359]]],[[[123.87533,9.633971],[123.87533,9.634061],[123.875512,9.634061],[123.875512,9.63397],[123.87533,9.633971]]],[[[123.874328,9.634245],[123.874419,9.634244],[123.874419,9.634154],[123.874328,9.634154],[123.874328,9.634245]]],[[[123.87451,9.634244],[123.874419,9.634244],[123.87442,9.634335],[123.874511,9.634335],[123.87451,9.634244]]],[[[123.875148,9.634152],[123.875057,9.634152],[123.875057,9.634243],[123.874966,9.634243],[123.874967,9.634605],[123.875058,9.634605],[123.875058,9.634333],[123.875149,9.634333],[123.875149,9.634424],[123.87524,9.634423],[123.87524,9.634242],[123.875331,9.634242],[123.87533,9.634061],[123.875148,9.634062],[123.875148,9.634152]]],[[[123.875332,9.634694],[123.875332,9.634604],[123.87524,9.634604],[123.875241,9.634695],[123.875332,9.634694]]],[[[123.874511,9.634425],[123.874602,9.634425],[123.874603,9.634606],[123.874694,9.634606],[123.874695,9.635058],[123.874877,9.635057],[123.874877,9.634876],[123.874786,9.634877],[123.874785,9.634696],[123.874876,9.634696],[123.874876,9.634515],[123.874785,9.634515],[123.874784,9.634334],[123.874511,9.634335],[123.874511,9.634425]]],[[[123.875423,9.634694],[123.875332,9.634694],[123.875332,9.634875],[123.875697,9.634874],[123.875697,9.634784],[123.876243,9.634782],[123.876244,9.634873],[123.876426,9.634872],[123.876426,9.634782],[123.876335,9.634782],[123.876334,9.634692],[123.875514,9.634694],[123.875514,9.634784],[123.875423,9.634785],[123.875423,9.634694]]],[[[123.875241,9.634875],[123.875241,9.634785],[123.87515,9.634785],[123.87515,9.634876],[123.875241,9.634875]]],[[[123.87588,9.635145],[123.875789,9.635145],[123.875789,9.635236],[123.87588,9.635236],[123.87588,9.635145]]],[[[123.876245,9.635325],[123.876245,9.635235],[123.876153,9.635235],[123.876153,9.635144],[123.875971,9.635145],[123.875971,9.635326],[123.876245,9.635325]]],[[[123.876336,9.635325],[123.876245,9.635325],[123.876245,9.635416],[123.876336,9.635415],[123.876336,9.635325]]],[[[123.875881,9.635416],[123.87588,9.635326],[123.875789,9.635326],[123.875789,9.635417],[123.875881,9.635416]]],[[[123.875151,9.635237],[123.875152,9.635509],[123.875698,9.635507],[123.875698,9.635417],[123.875334,9.635418],[123.875333,9.635327],[123.875607,9.635327],[123.875607,9.635236],[123.875151,9.635237]]],[[[123.874786,9.635238],[123.874695,9.635239],[123.874696,9.63551],[123.874787,9.63551],[123.874786,9.635238]]],[[[123.874696,9.6356],[123.874605,9.635601],[123.874605,9.635691],[123.874696,9.635691],[123.874696,9.6356]]],[[[123.875062,9.636052],[123.875062,9.635961],[123.875153,9.635961],[123.875152,9.635509],[123.874969,9.635509],[123.874971,9.636052],[123.875062,9.636052]]],[[[123.876338,9.636229],[123.876338,9.635958],[123.876246,9.635958],[123.876247,9.636139],[123.876156,9.636139],[123.876156,9.63623],[123.876338,9.636229]]],[[[123.874789,9.636233],[123.874789,9.636052],[123.874697,9.636053],[123.874698,9.636233],[123.874789,9.636233]]],[[[123.876439,9.639847],[123.876348,9.639847],[123.876348,9.639937],[123.876439,9.639937],[123.876439,9.639847]]],[[[123.876224,9.662456],[123.876133,9.662457],[123.876133,9.662547],[123.876224,9.662547],[123.876224,9.662456]]],[[[123.875965,9.668064],[123.875965,9.667974],[123.875873,9.667974],[123.875874,9.668064],[123.875965,9.668064]]],[[[123.875783,9.668155],[123.875783,9.668065],[123.875691,9.668065],[123.875692,9.668155],[123.875783,9.668155]]],[[[123.875601,9.668336],[123.875601,9.668246],[123.87551,9.668246],[123.87551,9.668337],[123.875601,9.668336]]],[[[123.875419,9.668518],[123.87551,9.668518],[123.87551,9.668427],[123.875419,9.668427],[123.875419,9.668518]]],[[[123.875419,9.668608],[123.875419,9.668518],[123.875328,9.668518],[123.875328,9.668608],[123.875419,9.668608]]],[[[123.875511,9.668608],[123.875419,9.668608],[123.87542,9.668699],[123.875511,9.668698],[123.875511,9.668608]]],[[[123.87551,9.668518],[123.875511,9.668608],[123.875602,9.668608],[123.875601,9.668517],[123.87551,9.668518]]],[[[123.875146,9.668699],[123.875237,9.668699],[123.875237,9.668609],[123.875146,9.668609],[123.875146,9.668699]]],[[[123.875146,9.668699],[123.875055,9.6687],[123.875055,9.66879],[123.875146,9.66879],[123.875146,9.668699]]],[[[123.868346,9.682554],[123.868255,9.682554],[123.868255,9.682644],[123.868164,9.682644],[123.868164,9.682735],[123.868346,9.682734],[123.868346,9.682644],[123.868437,9.682644],[123.868437,9.682553],[123.868528,9.682553],[123.868528,9.682463],[123.868619,9.682462],[123.868619,9.682372],[123.86871,9.682372],[123.86871,9.682281],[123.868528,9.682282],[123.868528,9.682372],[123.868437,9.682372],[123.868437,9.682463],[123.868346,9.682463],[123.868346,9.682554]]],[[[123.876004,9.682986],[123.876003,9.682896],[123.875912,9.682896],[123.875912,9.682987],[123.876004,9.682986]]],[[[123.87646,9.683347],[123.87646,9.683256],[123.876369,9.683257],[123.876369,9.683347],[123.87646,9.683347]]],[[[123.868075,9.683549],[123.868075,9.683459],[123.867984,9.683459],[123.867984,9.683549],[123.868075,9.683549]]],[[[123.876188,9.683709],[123.876187,9.683619],[123.876096,9.683619],[123.876097,9.68371],[123.876188,9.683709]]],[[[123.875916,9.684343],[123.875916,9.684253],[123.875824,9.684253],[123.875825,9.684343],[123.875916,9.684343]]],[[[123.869447,9.685264],[123.869447,9.685173],[123.869173,9.685174],[123.869173,9.685265],[123.869447,9.685264]]],[[[123.867995,9.68789],[123.867995,9.687981],[123.868086,9.68798],[123.868086,9.6878],[123.867904,9.6878],[123.867904,9.687891],[123.867995,9.68789]]],[[[123.870369,9.689512],[123.870278,9.689512],[123.870278,9.689693],[123.870187,9.689693],[123.870188,9.689874],[123.869914,9.689875],[123.869915,9.689965],[123.870279,9.689965],[123.870279,9.689784],[123.87037,9.689783],[123.870369,9.689603],[123.870461,9.689602],[123.87046,9.689421],[123.870551,9.689421],[123.870551,9.689331],[123.870642,9.689331],[123.870642,9.68915],[123.870186,9.689151],[123.870186,9.689241],[123.870095,9.689242],[123.870095,9.689332],[123.870369,9.689331],[123.870369,9.689512]]],[[[123.869915,9.690056],[123.869915,9.689965],[123.869732,9.689966],[123.869733,9.690056],[123.869915,9.690056]]],[[[123.869733,9.690147],[123.869733,9.690056],[123.869641,9.690057],[123.869642,9.690147],[123.869733,9.690147]]],[[[123.869642,9.690237],[123.869642,9.690147],[123.86955,9.690147],[123.869551,9.690238],[123.869642,9.690237]]],[[[123.869551,9.690238],[123.86946,9.690238],[123.86946,9.690328],[123.869551,9.690328],[123.869551,9.690238]]],[[[123.86946,9.690328],[123.869369,9.690329],[123.869369,9.690419],[123.86946,9.690419],[123.86946,9.690328]]],[[[123.869369,9.690509],[123.869369,9.690419],[123.869278,9.690419],[123.869278,9.69051],[123.869369,9.690509]]],[[[123.868549,9.690602],[123.868914,9.690601],[123.868913,9.690511],[123.868549,9.690512],[123.868549,9.690602]]],[[[123.869278,9.6906],[123.869278,9.69051],[123.869096,9.69051],[123.869096,9.690601],[123.868914,9.690601],[123.868914,9.690692],[123.869187,9.690691],[123.869187,9.6906],[123.869278,9.6906]]],[[[123.868184,9.690603],[123.868093,9.690603],[123.868093,9.690694],[123.868185,9.690693],[123.868184,9.690603]]],[[[123.868003,9.690875],[123.868003,9.690965],[123.868094,9.690965],[123.868094,9.690874],[123.868276,9.690874],[123.868276,9.690784],[123.867911,9.690784],[123.867912,9.690875],[123.868003,9.690875]]],[[[123.873838,9.691312],[123.873291,9.691313],[123.873291,9.691494],[123.873747,9.691493],[123.873747,9.691403],[123.873838,9.691403],[123.873838,9.691312]]],[[[123.868919,9.692681],[123.869375,9.69268],[123.869374,9.69259],[123.869466,9.692589],[123.869465,9.692499],[123.86901,9.6925],[123.86901,9.69259],[123.868919,9.692591],[123.868919,9.692681]]],[[[123.870834,9.693038],[123.870834,9.692948],[123.870743,9.692948],[123.870742,9.692767],[123.870104,9.692769],[123.870104,9.692859],[123.870651,9.692858],[123.870651,9.692948],[123.870469,9.692949],[123.870469,9.693039],[123.870834,9.693038]]],[[[123.869922,9.692859],[123.869922,9.69295],[123.870105,9.692949],[123.870104,9.692859],[123.869922,9.692859]]],[[[123.868466,9.693768],[123.868466,9.693587],[123.868374,9.693587],[123.868374,9.693496],[123.868192,9.693497],[123.868192,9.693587],[123.868283,9.693587],[123.868283,9.693678],[123.868101,9.693678],[123.868101,9.693768],[123.868466,9.693768]]],[[[123.869286,9.693765],[123.869286,9.693675],[123.869013,9.693676],[123.869013,9.693766],[123.869286,9.693765]]],[[[123.870745,9.693852],[123.870745,9.693762],[123.870471,9.693762],[123.870472,9.693853],[123.870745,9.693852]]],[[[123.869469,9.693855],[123.86956,9.693855],[123.86956,9.693765],[123.869469,9.693765],[123.869469,9.693855]]],[[[123.868922,9.693766],[123.868831,9.693767],[123.868831,9.693857],[123.868922,9.693857],[123.868922,9.693766]]],[[[123.87111,9.693942],[123.87111,9.693851],[123.871018,9.693851],[123.871019,9.693942],[123.87111,9.693942]]],[[[123.870289,9.693944],[123.870289,9.693853],[123.870198,9.693854],[123.870198,9.693944],[123.870289,9.693944]]],[[[123.869651,9.693855],[123.86956,9.693855],[123.86956,9.693946],[123.869651,9.693945],[123.869651,9.693855]]],[[[123.871201,9.693941],[123.87111,9.693942],[123.87111,9.694032],[123.871201,9.694032],[123.871201,9.693941]]],[[[123.870107,9.693944],[123.870016,9.693944],[123.870016,9.694035],[123.870107,9.694035],[123.870107,9.693944]]],[[[123.869834,9.693945],[123.869743,9.693945],[123.869743,9.694036],[123.869834,9.694035],[123.869834,9.693945]]],[[[123.869014,9.694037],[123.869013,9.693947],[123.868922,9.693947],[123.868922,9.694038],[123.869014,9.694037]]],[[[123.86874,9.694129],[123.86874,9.694038],[123.868649,9.694038],[123.868649,9.693948],[123.868558,9.693948],[123.868558,9.694129],[123.86874,9.694129]]],[[[123.871566,9.694121],[123.871566,9.694031],[123.871383,9.694031],[123.871384,9.694122],[123.871566,9.694121]]],[[[123.86956,9.694036],[123.869469,9.694036],[123.86947,9.694127],[123.869561,9.694126],[123.86956,9.694036]]],[[[123.870928,9.694123],[123.870837,9.694123],[123.870837,9.694214],[123.870928,9.694213],[123.870928,9.694123]]],[[[123.870199,9.694215],[123.870199,9.694125],[123.870108,9.694125],[123.870108,9.694216],[123.870199,9.694215]]],[[[123.869379,9.69419],[123.869378,9.694127],[123.869287,9.694127],[123.869287,9.694159],[123.869379,9.69419]]],[[[123.870655,9.694305],[123.870746,9.694304],[123.870746,9.694214],[123.870655,9.694214],[123.870655,9.694305]]],[[[123.869561,9.69425],[123.869561,9.694217],[123.86947,9.69422],[123.869561,9.69425]]],[[[123.871749,9.694392],[123.871931,9.694392],[123.871931,9.694301],[123.871749,9.694302],[123.871749,9.694392]]],[[[123.871293,9.694393],[123.871293,9.694303],[123.871202,9.694303],[123.871202,9.694394],[123.871293,9.694393]]],[[[123.870837,9.694304],[123.870746,9.694304],[123.870746,9.694395],[123.870838,9.694395],[123.870837,9.694304]]],[[[123.870108,9.694306],[123.870017,9.694306],[123.870017,9.694397],[123.870108,9.694396],[123.870108,9.694306]]],[[[123.870291,9.694396],[123.870291,9.694474],[123.870401,9.694396],[123.870291,9.694396]]],[[[123.872023,9.694572],[123.872114,9.694572],[123.872114,9.694391],[123.871931,9.694392],[123.871932,9.694482],[123.872023,9.694482],[123.872023,9.694572]]],[[[123.8702,9.694539],[123.8702,9.694487],[123.870109,9.694487],[123.870109,9.694577],[123.8702,9.694539]]],[[[123.871083,9.694575],[123.871294,9.694574],[123.871293,9.694484],[123.870929,9.694485],[123.870929,9.694394],[123.870838,9.694395],[123.870838,9.694444],[123.871083,9.694575]]],[[[123.872023,9.694663],[123.872023,9.694572],[123.871932,9.694573],[123.871932,9.694663],[123.872023,9.694663]]],[[[123.87257,9.694752],[123.872661,9.694752],[123.872661,9.694661],[123.872935,9.694661],[123.872934,9.69457],[123.872479,9.694571],[123.872479,9.694662],[123.87257,9.694661],[123.87257,9.694752]]],[[[123.868271,9.694763],[123.868286,9.694672],[123.868195,9.694673],[123.868195,9.694763],[123.868271,9.694763]]],[[[123.872024,9.694934],[123.872024,9.694844],[123.871932,9.694844],[123.871933,9.694934],[123.872024,9.694934]]],[[[123.871842,9.694935],[123.871841,9.694844],[123.87175,9.694844],[123.87175,9.694935],[123.871842,9.694935]]],[[[123.871659,9.694935],[123.871659,9.694845],[123.871568,9.694845],[123.871568,9.694935],[123.871659,9.694935]]],[[[123.871364,9.694845],[123.871386,9.694887],[123.871386,9.694845],[123.871364,9.694845]]],[[[123.867922,9.694854],[123.867922,9.695035],[123.868069,9.695035],[123.868105,9.694987],[123.868104,9.694854],[123.867922,9.694854]]],[[[123.873027,9.694932],[123.873209,9.694931],[123.873209,9.694841],[123.872844,9.694842],[123.872844,9.694932],[123.872753,9.694932],[123.872753,9.695023],[123.872662,9.695023],[123.872662,9.695113],[123.872845,9.695113],[123.872844,9.695023],[123.873027,9.695022],[123.873027,9.694932]]],[[[123.871933,9.695115],[123.871933,9.695025],[123.871842,9.695025],[123.871842,9.695116],[123.871933,9.695115]]],[[[123.873575,9.695473],[123.873575,9.695382],[123.87321,9.695383],[123.87321,9.695474],[123.873575,9.695473]]],[[[123.873757,9.695472],[123.873666,9.695473],[123.873666,9.695563],[123.873757,9.695563],[123.873757,9.695472]]],[[[123.873119,9.695474],[123.873028,9.695474],[123.873028,9.695565],[123.873119,9.695564],[123.873119,9.695474]]],[[[123.874031,9.695653],[123.874031,9.695562],[123.873849,9.695563],[123.873849,9.695653],[123.874031,9.695653]]],[[[123.8723,9.695838],[123.872299,9.695657],[123.872208,9.695657],[123.872208,9.695838],[123.8723,9.695838]]],[[[123.874487,9.695832],[123.874487,9.695742],[123.874396,9.695742],[123.874396,9.695833],[123.874487,9.695832]]],[[[123.872937,9.695746],[123.872846,9.695746],[123.872847,9.695836],[123.872938,9.695836],[123.872937,9.695746]]],[[[123.872026,9.695929],[123.872026,9.695748],[123.871935,9.695748],[123.871935,9.695929],[123.872026,9.695929]]],[[[123.873485,9.695835],[123.873302,9.695835],[123.873303,9.695926],[123.873485,9.695925],[123.873485,9.695835]]],[[[123.873759,9.696015],[123.873758,9.695925],[123.873667,9.695925],[123.873667,9.696015],[123.873759,9.696015]]],[[[123.872756,9.696018],[123.872847,9.696017],[123.872847,9.695927],[123.872756,9.695927],[123.872756,9.696018]]],[[[123.872482,9.695928],[123.872391,9.695928],[123.872391,9.696018],[123.872482,9.696018],[123.872482,9.695928]]],[[[123.872756,9.696108],[123.872756,9.696018],[123.872574,9.696018],[123.872574,9.696108],[123.872756,9.696108]]],[[[123.87467,9.696194],[123.87467,9.696103],[123.874579,9.696103],[123.874579,9.696194],[123.87467,9.696194]]],[[[123.8723,9.696149],[123.8723,9.696109],[123.872209,9.696125],[123.8723,9.696149]]],[[[123.875036,9.696374],[123.874944,9.696374],[123.874945,9.696555],[123.875036,9.696554],[123.875036,9.696374]]],[[[123.874671,9.696555],[123.87458,9.696556],[123.87458,9.696614],[123.874612,9.696646],[123.874672,9.696646],[123.874671,9.696555]]],[[[123.875495,9.697638],[123.875492,9.696825],[123.875401,9.696825],[123.875401,9.696734],[123.875219,9.696735],[123.87522,9.697145],[123.875311,9.697187],[123.875311,9.697096],[123.875402,9.697096],[123.875402,9.697262],[123.87543,9.69728],[123.875403,9.697548],[123.875364,9.697548],[123.875283,9.697639],[123.875495,9.697638]]],[[[123.876224,9.697546],[123.876223,9.697456],[123.876132,9.697456],[123.876132,9.697366],[123.875767,9.697366],[123.875768,9.697457],[123.875585,9.697457],[123.875586,9.697548],[123.876224,9.697546]]],[[[123.876315,9.697546],[123.876224,9.697546],[123.876224,9.697637],[123.876315,9.697636],[123.876315,9.697546]]],[[[123.875221,9.697707],[123.875201,9.69773],[123.875221,9.69773],[123.875221,9.697707]]],[[[123.875677,9.697819],[123.875677,9.697728],[123.875586,9.697729],[123.875586,9.697819],[123.875677,9.697819]]],[[[123.875221,9.69773],[123.875222,9.69782],[123.875404,9.69782],[123.875404,9.697729],[123.875221,9.69773]]],[[[123.876498,9.697817],[123.876407,9.697817],[123.876407,9.697907],[123.876498,9.697907],[123.876498,9.697817]]],[[[123.876318,9.698812],[123.876409,9.698812],[123.876409,9.698721],[123.876318,9.698722],[123.876318,9.698812]]],[[[123.876045,9.698903],[123.875986,9.698903],[123.875973,9.698994],[123.876045,9.698994],[123.876045,9.698903]]],[[[123.876227,9.698903],[123.876136,9.698903],[123.876136,9.699084],[123.876228,9.699084],[123.876227,9.698903]]],[[[123.880142,9.627085],[123.880142,9.626995],[123.87996,9.626995],[123.87996,9.627086],[123.880142,9.627085]]],[[[123.879595,9.627087],[123.879595,9.626996],[123.879322,9.626997],[123.879322,9.627087],[123.879595,9.627087]]],[[[123.87996,9.627176],[123.87996,9.627086],[123.879869,9.627086],[123.879869,9.627177],[123.87996,9.627176]]],[[[123.879322,9.627178],[123.879322,9.627087],[123.87914,9.627088],[123.87914,9.627178],[123.879322,9.627178]]],[[[123.879778,9.627177],[123.879687,9.627177],[123.879687,9.627267],[123.879778,9.627267],[123.879778,9.627177]]],[[[123.87914,9.627178],[123.878867,9.627179],[123.878867,9.62727],[123.87914,9.627269],[123.87914,9.627178]]],[[[123.879596,9.627358],[123.879596,9.627268],[123.879505,9.627268],[123.879505,9.627358],[123.879596,9.627358]]],[[[123.879323,9.627449],[123.879323,9.627359],[123.879141,9.627359],[123.879141,9.62745],[123.879323,9.627449]]],[[[123.87905,9.62754],[123.87905,9.62745],[123.878867,9.62745],[123.878868,9.627541],[123.87905,9.62754]]],[[[123.877592,9.627725],[123.877957,9.627724],[123.877957,9.627634],[123.878321,9.627633],[123.878321,9.627723],[123.878595,9.627722],[123.878594,9.627632],[123.878777,9.627631],[123.878776,9.627541],[123.878594,9.627542],[123.878594,9.627451],[123.878685,9.627451],[123.878685,9.62736],[123.878867,9.62736],[123.878867,9.62727],[123.878594,9.62727],[123.878594,9.627361],[123.878047,9.627362],[123.878047,9.627452],[123.877683,9.627453],[123.877683,9.627544],[123.877409,9.627545],[123.87741,9.627635],[123.877227,9.627635],[123.877228,9.627726],[123.877137,9.627726],[123.877137,9.627907],[123.877228,9.627907],[123.877228,9.627816],[123.877592,9.627815],[123.877592,9.627725]]],[[[123.880239,9.629346],[123.880239,9.629437],[123.879966,9.629437],[123.879966,9.629528],[123.879693,9.629528],[123.879693,9.629619],[123.879602,9.629619],[123.879602,9.629709],[123.879511,9.62971],[123.879511,9.6298],[123.87942,9.6298],[123.87942,9.629891],[123.879329,9.629891],[123.87933,9.629981],[123.879421,9.629981],[123.879421,9.630072],[123.879512,9.630071],[123.879512,9.629981],[123.879603,9.629981],[123.879603,9.62989],[123.879785,9.62989],[123.879785,9.629799],[123.879876,9.629799],[123.879876,9.629709],[123.880058,9.629708],[123.880058,9.629618],[123.880331,9.629617],[123.880331,9.629527],[123.880604,9.629526],[123.880604,9.629345],[123.880239,9.629346]]],[[[123.88089,9.634409],[123.880891,9.63468],[123.881347,9.634679],[123.881346,9.634589],[123.881529,9.634588],[123.881528,9.634498],[123.881346,9.634498],[123.881346,9.634408],[123.88089,9.634409]]],[[[123.8808,9.63468],[123.880709,9.634681],[123.880709,9.634771],[123.880527,9.634772],[123.880527,9.634862],[123.8808,9.634861],[123.8808,9.63468]]],[[[123.881074,9.634951],[123.881074,9.634861],[123.880983,9.634861],[123.880983,9.634951],[123.881074,9.634951]]],[[[123.881166,9.635313],[123.880984,9.635313],[123.880984,9.635403],[123.881257,9.635403],[123.881257,9.635312],[123.881439,9.635312],[123.881439,9.635221],[123.88153,9.635221],[123.88153,9.63504],[123.881439,9.635041],[123.881439,9.63495],[123.881165,9.634951],[123.881166,9.635132],[123.881257,9.635131],[123.881257,9.635222],[123.881166,9.635222],[123.881166,9.635313]]],[[[123.880346,9.635224],[123.880345,9.635134],[123.880163,9.635134],[123.880163,9.635225],[123.880346,9.635224]]],[[[123.880072,9.635315],[123.880072,9.635225],[123.879981,9.635225],[123.879981,9.635316],[123.880072,9.635315]]],[[[123.880619,9.635224],[123.880619,9.635404],[123.880711,9.635404],[123.88071,9.635223],[123.880619,9.635224]]],[[[123.880984,9.635494],[123.880984,9.635403],[123.880893,9.635404],[123.880893,9.635494],[123.880984,9.635494]]],[[[123.879982,9.635406],[123.87989,9.635406],[123.879891,9.635497],[123.879982,9.635496],[123.879982,9.635406]]],[[[123.880894,9.635675],[123.880802,9.635675],[123.880803,9.635766],[123.880894,9.635765],[123.880894,9.635675]]],[[[123.880621,9.636037],[123.880619,9.635404],[123.880528,9.635405],[123.88053,9.636038],[123.880621,9.636037]]],[[[123.879983,9.635949],[123.879983,9.635858],[123.879892,9.635858],[123.879892,9.635949],[123.879983,9.635949]]],[[[123.880895,9.636037],[123.880894,9.635946],[123.880712,9.635947],[123.880712,9.636037],[123.880895,9.636037]]],[[[123.880895,9.636037],[123.880895,9.636127],[123.880986,9.636127],[123.880986,9.636037],[123.880895,9.636037]]],[[[123.880165,9.635948],[123.880074,9.635948],[123.880075,9.63622],[123.880166,9.63622],[123.880165,9.635948]]],[[[123.881077,9.636217],[123.88126,9.636217],[123.881259,9.636126],[123.881077,9.636127],[123.881077,9.636217]]],[[[123.880531,9.636309],[123.88053,9.636038],[123.880439,9.636038],[123.88044,9.636309],[123.880531,9.636309]]],[[[123.880622,9.636309],[123.880531,9.636309],[123.880531,9.636399],[123.880622,9.636399],[123.880622,9.636309]]],[[[123.879802,9.636492],[123.879802,9.636311],[123.879984,9.63631],[123.879984,9.63622],[123.87971,9.636221],[123.879711,9.636492],[123.879802,9.636492]]],[[[123.880804,9.636399],[123.880713,9.636399],[123.880713,9.636489],[123.880805,9.636489],[123.880804,9.636399]]],[[[123.880987,9.636579],[123.880987,9.636489],[123.880896,9.636489],[123.880896,9.636579],[123.880987,9.636579]]],[[[123.879893,9.636582],[123.879985,9.636582],[123.879984,9.636491],[123.879893,9.636492],[123.879893,9.636582]]],[[[123.881078,9.636669],[123.88117,9.636669],[123.881169,9.636579],[123.881078,9.636579],[123.881078,9.636669]]],[[[123.879985,9.636582],[123.879985,9.636763],[123.880076,9.636762],[123.880076,9.636581],[123.879985,9.636582]]],[[[123.879803,9.636854],[123.879803,9.636944],[123.879894,9.636944],[123.879894,9.636853],[123.879803,9.636854]]],[[[123.879804,9.637034],[123.879803,9.636944],[123.879712,9.636944],[123.879712,9.637035],[123.879804,9.637034]]],[[[123.880169,9.637214],[123.880077,9.637215],[123.880078,9.637305],[123.88026,9.637305],[123.880259,9.637124],[123.880168,9.637124],[123.880169,9.637214]]],[[[123.879805,9.637487],[123.879804,9.637396],[123.879713,9.637396],[123.879714,9.637487],[123.879805,9.637487]]],[[[123.879897,9.637758],[123.879896,9.637667],[123.879805,9.637667],[123.879805,9.637758],[123.879897,9.637758]]],[[[123.879988,9.637938],[123.879988,9.637848],[123.879897,9.637848],[123.879897,9.637939],[123.879988,9.637938]]],[[[123.879989,9.638119],[123.88008,9.638119],[123.880079,9.638028],[123.879988,9.638029],[123.879989,9.638119]]],[[[123.880171,9.6383],[123.880171,9.638209],[123.88008,9.638209],[123.88008,9.6383],[123.880171,9.6383]]],[[[123.879078,9.638393],[123.879078,9.638302],[123.878987,9.638303],[123.878987,9.638393],[123.879078,9.638393]]],[[[123.880263,9.63848],[123.880263,9.63839],[123.880172,9.63839],[123.880172,9.63848],[123.880263,9.63848]]],[[[123.879169,9.638393],[123.879078,9.638393],[123.879078,9.638574],[123.87917,9.638573],[123.879169,9.638393]]],[[[123.880354,9.63848],[123.880263,9.63848],[123.880263,9.638571],[123.880354,9.63857],[123.880354,9.63848]]],[[[123.880992,9.638478],[123.880992,9.638569],[123.881083,9.638569],[123.881084,9.638659],[123.881175,9.638659],[123.881174,9.638478],[123.880992,9.638478]]],[[[123.880354,9.63857],[123.880355,9.638661],[123.880446,9.638661],[123.880445,9.63857],[123.880354,9.63857]]],[[[123.87917,9.638573],[123.87917,9.638754],[123.879261,9.638754],[123.879261,9.638573],[123.87917,9.638573]]],[[[123.880537,9.63866],[123.880446,9.638661],[123.880446,9.638751],[123.880537,9.638751],[123.880537,9.63866]]],[[[123.880628,9.638751],[123.880537,9.638751],[123.880537,9.638841],[123.880628,9.638841],[123.880628,9.638751]]],[[[123.879352,9.638754],[123.879261,9.638754],[123.879261,9.638845],[123.879353,9.638844],[123.879352,9.638754]]],[[[123.880628,9.638841],[123.880629,9.638931],[123.88072,9.638931],[123.88072,9.638841],[123.880628,9.638841]]],[[[123.879353,9.638844],[123.879353,9.638935],[123.879444,9.638934],[123.879444,9.638844],[123.879353,9.638844]]],[[[123.880811,9.638931],[123.88072,9.638931],[123.88072,9.639022],[123.880811,9.639021],[123.880811,9.638931]]],[[[123.879535,9.638934],[123.879444,9.638934],[123.879444,9.639025],[123.879535,9.639025],[123.879535,9.638934]]],[[[123.876892,9.639031],[123.876983,9.639031],[123.876983,9.638941],[123.876892,9.638941],[123.876892,9.639031]]],[[[123.87671,9.639032],[123.876801,9.639032],[123.876801,9.638941],[123.87671,9.638941],[123.87671,9.639032]]],[[[123.880811,9.639021],[123.880811,9.639112],[123.880903,9.639112],[123.880902,9.639021],[123.880811,9.639021]]],[[[123.879626,9.639024],[123.879535,9.639025],[123.879535,9.639115],[123.879627,9.639115],[123.879626,9.639024]]],[[[123.877075,9.639031],[123.876983,9.639031],[123.876984,9.639122],[123.877075,9.639121],[123.877075,9.639031]]],[[[123.87671,9.639122],[123.87671,9.639032],[123.876619,9.639032],[123.876619,9.639123],[123.87671,9.639122]]],[[[123.879627,9.639115],[123.879627,9.639205],[123.879718,9.639205],[123.879718,9.639115],[123.879627,9.639115]]],[[[123.877075,9.639121],[123.877075,9.639212],[123.877166,9.639212],[123.877166,9.639121],[123.877075,9.639121]]],[[[123.879809,9.639205],[123.879718,9.639205],[123.879718,9.639386],[123.87981,9.639386],[123.879809,9.639205]]],[[[123.879901,9.639386],[123.87981,9.639386],[123.87981,9.639476],[123.879888,9.639476],[123.879901,9.639386]]],[[[123.879992,9.639476],[123.879901,9.639476],[123.879901,9.639566],[123.879992,9.639566],[123.879992,9.639476]]],[[[123.879992,9.639566],[123.879993,9.639657],[123.880084,9.639656],[123.880083,9.639566],[123.879992,9.639566]]],[[[123.880175,9.639837],[123.880175,9.639747],[123.880084,9.639747],[123.880084,9.639837],[123.880175,9.639837]]],[[[123.880266,9.639837],[123.880175,9.639837],[123.880176,9.640018],[123.880267,9.640018],[123.880266,9.639837]]],[[[123.880358,9.640017],[123.880267,9.640018],[123.880267,9.640108],[123.880358,9.640108],[123.880358,9.640017]]],[[[123.880449,9.640108],[123.880358,9.640108],[123.880359,9.640198],[123.88045,9.640198],[123.880449,9.640108]]],[[[123.88045,9.640198],[123.88045,9.640288],[123.880541,9.640288],[123.880541,9.640198],[123.88045,9.640198]]],[[[123.880541,9.640288],[123.880541,9.640379],[123.880632,9.640378],[123.880632,9.640288],[123.880541,9.640288]]],[[[123.880815,9.640468],[123.880815,9.640378],[123.880724,9.640378],[123.880724,9.640469],[123.880815,9.640468]]],[[[123.880762,9.655029],[123.880761,9.654939],[123.880488,9.654939],[123.880488,9.65503],[123.880762,9.655029]]],[[[123.881337,9.666061],[123.881155,9.666061],[123.881155,9.666152],[123.881337,9.666151],[123.881337,9.666061]]],[[[123.8807,9.666424],[123.880701,9.666696],[123.880792,9.666695],[123.880791,9.666514],[123.880883,9.666514],[123.880882,9.666333],[123.880791,9.666334],[123.880791,9.666424],[123.8807,9.666424]]],[[[123.880701,9.666786],[123.880701,9.666696],[123.88061,9.666696],[123.88061,9.666786],[123.880701,9.666786]]],[[[123.878423,9.666882],[123.878422,9.666792],[123.878331,9.666792],[123.878332,9.666883],[123.878423,9.666882]]],[[[123.880703,9.667509],[123.880703,9.667419],[123.880611,9.667419],[123.880611,9.667329],[123.88052,9.667329],[123.880521,9.66751],[123.880703,9.667509]]],[[[123.881067,9.667509],[123.880794,9.667509],[123.880794,9.6676],[123.881068,9.667599],[123.881067,9.667509]]],[[[123.880772,9.694007],[123.880772,9.693917],[123.880589,9.693917],[123.88059,9.694098],[123.880863,9.694098],[123.880863,9.694007],[123.880772,9.694007]]],[[[123.880499,9.694099],[123.880498,9.694008],[123.880407,9.694008],[123.880408,9.694099],[123.880499,9.694099]]],[[[123.881137,9.694097],[123.880863,9.694098],[123.880864,9.694188],[123.881137,9.694187],[123.881137,9.694097]]],[[[123.880225,9.694099],[123.880225,9.69419],[123.880317,9.694189],[123.880316,9.694099],[123.880225,9.694099]]],[[[123.880135,9.69428],[123.880226,9.69428],[123.880225,9.69419],[123.880043,9.69419],[123.880044,9.694371],[123.880135,9.694371],[123.880135,9.69428]]],[[[123.881137,9.694278],[123.881046,9.694278],[123.881046,9.694368],[123.881137,9.694368],[123.881137,9.694278]]],[[[123.880773,9.694369],[123.880773,9.694279],[123.880681,9.694279],[123.880682,9.694369],[123.880773,9.694369]]],[[[123.880317,9.694461],[123.880318,9.694551],[123.880409,9.694551],[123.880408,9.694461],[123.880317,9.694461]]],[[[123.880682,9.69446],[123.880682,9.69455],[123.880773,9.69455],[123.880774,9.694731],[123.880865,9.694731],[123.880864,9.694459],[123.880682,9.69446]]],[[[123.880774,9.694731],[123.880683,9.694731],[123.880683,9.694822],[123.880774,9.694821],[123.880774,9.694731]]],[[[123.87959,9.695005],[123.879591,9.695367],[123.879682,9.695367],[123.879681,9.695186],[123.879772,9.695186],[123.879772,9.695005],[123.879863,9.695005],[123.879863,9.694914],[123.880045,9.694914],[123.880045,9.694823],[123.880136,9.694823],[123.880136,9.694733],[123.880227,9.694732],[123.880227,9.694642],[123.880318,9.694642],[123.880318,9.694551],[123.880226,9.694551],[123.880226,9.694461],[123.880135,9.694461],[123.880135,9.694552],[123.880044,9.694552],[123.880044,9.694371],[123.879953,9.694371],[123.879953,9.694552],[123.879862,9.694552],[123.879862,9.694733],[123.879771,9.694734],[123.879772,9.694914],[123.87968,9.694915],[123.879681,9.695005],[123.87959,9.695005]]],[[[123.880501,9.695003],[123.880501,9.695081],[123.880592,9.695014],[123.880501,9.695003]]],[[[123.88041,9.695148],[123.880485,9.695093],[123.88041,9.695094],[123.88041,9.695148]]],[[[123.879045,9.69573],[123.879044,9.69564],[123.878953,9.69564],[123.878953,9.69573],[123.879045,9.69573]]],[[[123.879593,9.696172],[123.879576,9.696181],[123.879593,9.696181],[123.879593,9.696172]]],[[[123.879411,9.696272],[123.87941,9.696181],[123.879319,9.696182],[123.879319,9.696272],[123.879411,9.696272]]],[[[123.879502,9.696272],[123.879502,9.696362],[123.879593,9.696362],[123.879593,9.696271],[123.879502,9.696272]]],[[[123.879228,9.696363],[123.879228,9.696272],[123.879137,9.696273],[123.879137,9.696363],[123.879228,9.696363]]],[[[123.879502,9.696362],[123.879411,9.696362],[123.879411,9.696453],[123.879502,9.696453],[123.879502,9.696362]]],[[[123.879594,9.696633],[123.879643,9.696633],[123.879685,9.696542],[123.879594,9.696543],[123.879594,9.696633]]],[[[123.87997,9.696994],[123.879959,9.696988],[123.879959,9.696994],[123.87997,9.696994]]],[[[123.88005,9.696972],[123.879995,9.696994],[123.88005,9.696994],[123.88005,9.696972]]],[[[123.880729,9.697082],[123.88069,9.696992],[123.880689,9.696992],[123.880689,9.697083],[123.880729,9.697082]]],[[[123.880324,9.696993],[123.880324,9.697083],[123.880415,9.697083],[123.880415,9.696993],[123.880324,9.696993]]],[[[123.880324,9.697174],[123.880324,9.697083],[123.880233,9.697084],[123.880233,9.697174],[123.880324,9.697174]]],[[[123.87996,9.697175],[123.880051,9.697175],[123.880051,9.697084],[123.87996,9.697084],[123.87996,9.697175]]],[[[123.879778,9.697175],[123.879777,9.697085],[123.879686,9.697085],[123.879686,9.697176],[123.879778,9.697175]]],[[[123.880051,9.697175],[123.880051,9.697265],[123.880142,9.697265],[123.880142,9.697174],[123.880051,9.697175]]],[[[123.878866,9.697178],[123.878866,9.697268],[123.878957,9.697268],[123.878957,9.697177],[123.878866,9.697178]]],[[[123.87996,9.697356],[123.87996,9.697265],[123.879869,9.697266],[123.879869,9.697356],[123.87996,9.697356]]],[[[123.879778,9.697356],[123.879778,9.697266],[123.879595,9.697266],[123.879596,9.697357],[123.879778,9.697356]]],[[[123.878866,9.697268],[123.878775,9.697268],[123.878775,9.697359],[123.878866,9.697359],[123.878866,9.697268]]],[[[123.878775,9.697359],[123.878684,9.697359],[123.878684,9.697449],[123.878776,9.697449],[123.878775,9.697359]]],[[[123.879596,9.697538],[123.879596,9.697447],[123.879505,9.697447],[123.879505,9.697538],[123.879596,9.697538]]],[[[123.87832,9.697631],[123.878229,9.697631],[123.878228,9.69727],[123.878137,9.69727],[123.878138,9.697722],[123.878229,9.697722],[123.87823,9.697812],[123.878321,9.697812],[123.87832,9.697631]]],[[[123.878867,9.697539],[123.878776,9.69754],[123.878776,9.69763],[123.878867,9.69763],[123.878867,9.697539]]],[[[123.877865,9.697632],[123.877864,9.697542],[123.877773,9.697542],[123.877773,9.697633],[123.877865,9.697632]]],[[[123.877591,9.697724],[123.877591,9.697633],[123.8775,9.697633],[123.8775,9.697724],[123.877591,9.697724]]],[[[123.877318,9.697724],[123.877318,9.697815],[123.877409,9.697814],[123.877409,9.697724],[123.877318,9.697724]]],[[[123.877865,9.697813],[123.877774,9.697814],[123.877774,9.697904],[123.877865,9.697904],[123.877865,9.697813]]],[[[123.877318,9.697815],[123.877227,9.697815],[123.877227,9.697905],[123.877318,9.697905],[123.877318,9.697815]]],[[[123.877592,9.697995],[123.877592,9.697904],[123.877501,9.697905],[123.877501,9.697995],[123.877592,9.697995]]],[[[123.877227,9.697905],[123.877136,9.697906],[123.877136,9.697996],[123.877227,9.697996],[123.877227,9.697905]]],[[[123.877775,9.698085],[123.877774,9.697994],[123.877683,9.697995],[123.877683,9.698085],[123.877775,9.698085]]],[[[123.877137,9.698177],[123.877136,9.698086],[123.877045,9.698087],[123.877046,9.698177],[123.877137,9.698177]]],[[[123.87659,9.698178],[123.87659,9.698088],[123.876498,9.698088],[123.876499,9.698179],[123.87659,9.698178]]],[[[123.876955,9.698358],[123.877046,9.698358],[123.877046,9.698268],[123.876955,9.698268],[123.876955,9.698358]]],[[[123.876955,9.698449],[123.876955,9.698358],[123.876864,9.698358],[123.876864,9.698449],[123.876955,9.698449]]],[[[123.876773,9.69854],[123.876773,9.698449],[123.876682,9.698449],[123.876682,9.69854],[123.876773,9.69854]]],[[[123.876409,9.698812],[123.876409,9.698902],[123.876592,9.698902],[123.876591,9.698811],[123.876409,9.698812]]],[[[123.877048,9.69903],[123.87723,9.698914],[123.877139,9.6989],[123.877138,9.69881],[123.877047,9.69881],[123.877048,9.69903]]],[[[123.876683,9.698902],[123.876592,9.698902],[123.876592,9.698992],[123.876683,9.698992],[123.876683,9.698902]]],[[[123.884148,9.625538],[123.883784,9.625539],[123.883784,9.625629],[123.884148,9.625628],[123.884148,9.625538]]],[[[123.88269,9.625722],[123.882691,9.625813],[123.882964,9.625812],[123.882964,9.625722],[123.883146,9.625721],[123.883146,9.625631],[123.882872,9.625631],[123.882873,9.625722],[123.88269,9.625722]]],[[[123.884422,9.625899],[123.884422,9.625808],[123.884058,9.625809],[123.884058,9.6259],[123.884422,9.625899]]],[[[123.88342,9.625992],[123.88342,9.625901],[123.883238,9.625902],[123.883238,9.625992],[123.88342,9.625992]]],[[[123.881962,9.625995],[123.881689,9.625996],[123.881689,9.626087],[123.881416,9.626087],[123.881416,9.626178],[123.881051,9.626179],[123.881051,9.626269],[123.880778,9.62627],[123.880778,9.62636],[123.880505,9.626361],[123.880505,9.626451],[123.880232,9.626452],[123.880232,9.626543],[123.88005,9.626543],[123.88005,9.626633],[123.879959,9.626634],[123.879959,9.626724],[123.879868,9.626724],[123.879868,9.626815],[123.879686,9.626815],[123.879686,9.626906],[123.879595,9.626906],[123.879595,9.626996],[123.879778,9.626996],[123.879777,9.626905],[123.87996,9.626905],[123.879959,9.626815],[123.880142,9.626814],[123.880142,9.626995],[123.880415,9.626994],[123.880415,9.626904],[123.880597,9.626903],[123.880597,9.626813],[123.880688,9.626813],[123.880688,9.626722],[123.881053,9.626721],[123.881052,9.626631],[123.881235,9.62663],[123.881234,9.62654],[123.881508,9.626539],[123.881508,9.626449],[123.881781,9.626448],[123.881781,9.626358],[123.882054,9.626357],[123.882054,9.626267],[123.882418,9.626266],[123.882418,9.626175],[123.882783,9.626174],[123.882783,9.626084],[123.883056,9.626083],[123.883056,9.625993],[123.882691,9.625994],[123.882691,9.625813],[123.882235,9.625814],[123.882235,9.625904],[123.881962,9.625905],[123.881962,9.625995]],[[123.881234,9.62645],[123.881234,9.626359],[123.881507,9.626358],[123.881508,9.626449],[123.881234,9.62645]]],[[[123.882527,9.632958],[123.882436,9.632958],[123.882436,9.633048],[123.882527,9.633048],[123.882527,9.632958]]],[[[123.884078,9.633496],[123.884077,9.633406],[123.883986,9.633406],[123.883987,9.633497],[123.884078,9.633496]]],[[[123.881708,9.633593],[123.881709,9.633683],[123.8818,9.633683],[123.8818,9.633593],[123.881708,9.633593]]],[[[123.884352,9.633767],[123.884352,9.633677],[123.88426,9.633677],[123.884261,9.633767],[123.884352,9.633767]]],[[[123.881709,9.633683],[123.881618,9.633684],[123.881618,9.633774],[123.881709,9.633774],[123.881709,9.633683]]],[[[123.881618,9.633774],[123.881527,9.633774],[123.881527,9.633865],[123.881618,9.633864],[123.881618,9.633774]]],[[[123.884261,9.634039],[123.884261,9.633948],[123.884352,9.633948],[123.884352,9.633857],[123.884079,9.633858],[123.884079,9.633949],[123.883988,9.633949],[123.883988,9.634039],[123.884079,9.634039],[123.884079,9.634129],[123.88417,9.634129],[123.88417,9.634039],[123.884261,9.634039]]],[[[123.881345,9.634046],[123.881345,9.634136],[123.881436,9.634136],[123.881436,9.634046],[123.881345,9.634046]]],[[[123.881346,9.634227],[123.881345,9.634136],[123.881254,9.634137],[123.881254,9.634227],[123.881346,9.634227]]],[[[123.884262,9.634219],[123.884353,9.634219],[123.884353,9.63431],[123.884535,9.634309],[123.884535,9.634128],[123.884262,9.634129],[123.884262,9.634219]]],[[[123.884262,9.63431],[123.884171,9.63431],[123.884171,9.634401],[123.884262,9.6344],[123.884262,9.63431]]],[[[123.884171,9.634491],[123.884173,9.635034],[123.884264,9.635033],[123.884263,9.634491],[123.884171,9.634491]]],[[[123.885176,9.635302],[123.885177,9.635574],[123.885268,9.635573],[123.885267,9.635393],[123.885358,9.635392],[123.885358,9.635211],[123.885449,9.635211],[123.885447,9.634307],[123.885356,9.634307],[123.885356,9.634397],[123.885265,9.634398],[123.885267,9.635302],[123.885176,9.635302]]],[[[123.883992,9.635577],[123.883991,9.635396],[123.884083,9.635396],[123.884082,9.635215],[123.884173,9.635214],[123.884173,9.635034],[123.884082,9.635034],[123.884082,9.635124],[123.883991,9.635124],[123.883991,9.635305],[123.8839,9.635306],[123.883901,9.635486],[123.883809,9.635487],[123.88381,9.635668],[123.883719,9.635668],[123.883719,9.635939],[123.883811,9.635939],[123.88381,9.635758],[123.883901,9.635758],[123.883901,9.635577],[123.883992,9.635577]]],[[[123.881805,9.635582],[123.881804,9.635492],[123.881713,9.635492],[123.881713,9.635402],[123.881531,9.635402],[123.881531,9.635583],[123.881805,9.635582]]],[[[123.885177,9.635664],[123.885177,9.635574],[123.885086,9.635574],[123.885086,9.635664],[123.885177,9.635664]]],[[[123.884904,9.635755],[123.884904,9.635846],[123.885086,9.635845],[123.885086,9.635664],[123.884995,9.635665],[123.884995,9.635755],[123.884904,9.635755]]],[[[123.884813,9.636027],[123.884904,9.636027],[123.884904,9.635936],[123.884813,9.635936],[123.884813,9.636027]]],[[[123.883719,9.635939],[123.883628,9.635939],[123.883629,9.63612],[123.88372,9.63612],[123.883719,9.635939]]],[[[123.883631,9.636844],[123.883629,9.63612],[123.883538,9.63612],[123.88354,9.636844],[123.883631,9.636844]]],[[[123.881533,9.636306],[123.881442,9.636307],[123.881442,9.636216],[123.88126,9.636217],[123.88126,9.636307],[123.881351,9.636307],[123.881351,9.636397],[123.881442,9.636397],[123.881443,9.636488],[123.881351,9.636488],[123.881352,9.636578],[123.88126,9.636578],[123.881261,9.636669],[123.88117,9.636669],[123.88117,9.63676],[123.881625,9.636758],[123.881625,9.636487],[123.881534,9.636487],[123.881533,9.636306]]],[[[123.884451,9.637022],[123.884451,9.636932],[123.884633,9.636932],[123.884632,9.636479],[123.884723,9.636479],[123.884723,9.636298],[123.884814,9.636298],[123.884813,9.636027],[123.884722,9.636027],[123.884722,9.636117],[123.884631,9.636118],[123.884632,9.636389],[123.884541,9.636389],[123.884541,9.63657],[123.88445,9.63657],[123.884451,9.636842],[123.88436,9.636842],[123.88436,9.636932],[123.884269,9.636933],[123.884269,9.637113],[123.88436,9.637113],[123.88436,9.637023],[123.884451,9.637022]]],[[[123.882172,9.636757],[123.882173,9.636847],[123.882264,9.636847],[123.882263,9.636757],[123.882172,9.636757]]],[[[123.882264,9.636847],[123.882264,9.636938],[123.882355,9.636937],[123.882355,9.636847],[123.882264,9.636847]]],[[[123.882172,9.636667],[123.881899,9.636667],[123.881899,9.636848],[123.881808,9.636848],[123.881808,9.637029],[123.8819,9.637029],[123.8819,9.637119],[123.882082,9.637119],[123.882082,9.636938],[123.88199,9.636938],[123.88199,9.636848],[123.882081,9.636848],[123.882081,9.636757],[123.882172,9.636757],[123.882172,9.636667]]],[[[123.882446,9.636937],[123.882355,9.636937],[123.882355,9.637028],[123.882446,9.637028],[123.882446,9.636937]]],[[[123.882538,9.637027],[123.882446,9.637028],[123.882447,9.637118],[123.882538,9.637118],[123.882538,9.637027]]],[[[123.883176,9.637297],[123.883267,9.637297],[123.883267,9.637206],[123.883358,9.637206],[123.883358,9.637116],[123.883449,9.637115],[123.883449,9.637025],[123.88354,9.637025],[123.88354,9.636844],[123.883448,9.636844],[123.883449,9.636935],[123.883358,9.636935],[123.883358,9.637025],[123.883175,9.637026],[123.883176,9.637116],[123.883085,9.637116],[123.883085,9.637207],[123.88272,9.637208],[123.882721,9.637298],[123.882903,9.637298],[123.882903,9.637388],[123.883176,9.637388],[123.883176,9.637297]]],[[[123.88427,9.637204],[123.884269,9.637113],[123.884178,9.637114],[123.884178,9.637204],[123.88427,9.637204]]],[[[123.88272,9.637117],[123.882538,9.637118],[123.882538,9.637208],[123.88272,9.637208],[123.88272,9.637117]]],[[[123.882173,9.637119],[123.882082,9.637119],[123.882082,9.637209],[123.882173,9.637209],[123.882173,9.637119]]],[[[123.884178,9.637204],[123.884087,9.637204],[123.884088,9.637295],[123.884179,9.637294],[123.884178,9.637204]]],[[[123.884088,9.637295],[123.883996,9.637295],[123.883997,9.637385],[123.884088,9.637385],[123.884088,9.637295]]],[[[123.882447,9.637389],[123.882447,9.637299],[123.882356,9.637299],[123.882356,9.63739],[123.882447,9.637389]]],[[[123.883997,9.637476],[123.883997,9.637385],[123.883905,9.637386],[123.883906,9.637476],[123.883997,9.637476]]],[[[123.882721,9.637479],[123.882721,9.637389],[123.88263,9.637389],[123.88263,9.637479],[123.882721,9.637479]]],[[[123.883906,9.637476],[123.883815,9.637476],[123.883815,9.637657],[123.883906,9.637657],[123.883906,9.637476]]],[[[123.883086,9.637659],[123.883086,9.637569],[123.882995,9.637569],[123.882995,9.637659],[123.883086,9.637659]]],[[[123.883177,9.637659],[123.883086,9.637659],[123.883086,9.637749],[123.883177,9.637749],[123.883177,9.637659]]],[[[123.882175,9.637752],[123.882266,9.637752],[123.882266,9.637661],[123.882084,9.637662],[123.882084,9.637752],[123.881993,9.637752],[123.881993,9.637843],[123.882175,9.637842],[123.882175,9.637752]]],[[[123.882085,9.638114],[123.882267,9.638113],[123.882267,9.638023],[123.882084,9.638023],[123.882085,9.638114]]],[[[123.882085,9.638114],[123.881994,9.638114],[123.881994,9.638204],[123.882085,9.638204],[123.882085,9.638114]]],[[[123.881721,9.638386],[123.881812,9.638386],[123.881812,9.638295],[123.881721,9.638296],[123.881721,9.638386]]],[[[123.881721,9.638476],[123.881721,9.638386],[123.88163,9.638386],[123.88163,9.638477],[123.881721,9.638476]]],[[[123.88245,9.638565],[123.88245,9.638475],[123.882541,9.638474],[123.882541,9.638384],[123.882359,9.638384],[123.882359,9.638565],[123.88245,9.638565]]],[[[123.881539,9.638567],[123.881539,9.638477],[123.881448,9.638477],[123.881448,9.638568],[123.881539,9.638567]]],[[[123.882177,9.638747],[123.882269,9.638746],[123.882268,9.638656],[123.88236,9.638656],[123.882359,9.638565],[123.882177,9.638566],[123.882177,9.638656],[123.882086,9.638656],[123.882086,9.638747],[123.881904,9.638747],[123.881904,9.638838],[123.881813,9.638838],[123.881813,9.638928],[123.881722,9.638929],[123.881722,9.639019],[123.881905,9.639019],[123.881905,9.638928],[123.881996,9.638928],[123.881995,9.638838],[123.882178,9.638837],[123.882177,9.638747]]],[[[123.88254,9.638022],[123.882541,9.638384],[123.882632,9.638384],[123.882632,9.638293],[123.882723,9.638293],[123.882723,9.638203],[123.882814,9.638202],[123.882814,9.638112],[123.882905,9.638112],[123.882905,9.638021],[123.883178,9.638021],[123.883178,9.638111],[123.883269,9.638111],[123.883271,9.638744],[123.88318,9.638744],[123.88318,9.638834],[123.883089,9.638835],[123.88309,9.639016],[123.882998,9.639016],[123.882999,9.639106],[123.882907,9.639107],[123.882909,9.639559],[123.882635,9.639559],[123.882635,9.63965],[123.882362,9.639651],[123.882362,9.639741],[123.88218,9.639741],[123.88218,9.639832],[123.881998,9.639832],[123.881998,9.639923],[123.881816,9.639923],[123.881816,9.640014],[123.881725,9.640014],[123.881725,9.640104],[123.881634,9.640105],[123.881635,9.640376],[123.881361,9.640377],[123.881362,9.640467],[123.880906,9.640468],[123.880906,9.640559],[123.881544,9.640557],[123.881544,9.640467],[123.881817,9.640466],[123.881817,9.640285],[123.881908,9.640285],[123.881908,9.640194],[123.881999,9.640194],[123.881999,9.640104],[123.88209,9.640103],[123.88209,9.640013],[123.882181,9.640013],[123.882181,9.639922],[123.882272,9.639922],[123.882271,9.639832],[123.882454,9.639831],[123.882453,9.639741],[123.882727,9.63974],[123.882727,9.63965],[123.883,9.639649],[123.883,9.639558],[123.883182,9.639558],[123.883181,9.639015],[123.883272,9.639015],[123.883271,9.638834],[123.883362,9.638834],[123.883362,9.638744],[123.883453,9.638743],[123.883452,9.638291],[123.883543,9.638291],[123.883543,9.63811],[123.883634,9.63811],[123.883634,9.637929],[123.883725,9.637929],[123.883724,9.637838],[123.883816,9.637838],[123.883815,9.637657],[123.883724,9.637657],[123.883724,9.637748],[123.883633,9.637748],[123.883633,9.637839],[123.883269,9.637839],[123.883268,9.637749],[123.883177,9.637749],[123.883178,9.63793],[123.882996,9.637931],[123.882995,9.63784],[123.882449,9.637842],[123.882448,9.637751],[123.882266,9.637752],[123.882267,9.638023],[123.88254,9.638022]]],[[[123.881085,9.639292],[123.881086,9.639473],[123.881177,9.639473],[123.881177,9.639563],[123.88145,9.639562],[123.881451,9.639653],[123.881633,9.639652],[123.881633,9.639562],[123.881724,9.639562],[123.881724,9.639471],[123.881815,9.639471],[123.881814,9.639109],[123.881723,9.63911],[123.881722,9.639019],[123.88154,9.63902],[123.881541,9.6392],[123.88145,9.639201],[123.88145,9.639382],[123.881359,9.639382],[123.881359,9.639291],[123.881268,9.639292],[123.881267,9.639201],[123.881085,9.639202],[123.881085,9.639111],[123.880903,9.639112],[123.880903,9.639202],[123.880994,9.639202],[123.880994,9.639292],[123.881085,9.639292]]],[[[123.885645,9.640366],[123.885736,9.640365],[123.885735,9.640184],[123.885644,9.640185],[123.885645,9.640366]]],[[[123.885827,9.640365],[123.885736,9.640365],[123.885736,9.640456],[123.885827,9.640456],[123.885827,9.640365]]],[[[123.885828,9.640546],[123.885828,9.640727],[123.885919,9.640727],[123.885919,9.640546],[123.885828,9.640546]]],[[[123.882184,9.641369],[123.882002,9.64137],[123.882002,9.64146],[123.882185,9.64146],[123.882184,9.641369]]],[[[123.883918,9.642179],[123.883918,9.642088],[123.883735,9.642089],[123.883736,9.642179],[123.883918,9.642179]]],[[[123.885474,9.644797],[123.885474,9.644707],[123.885292,9.644708],[123.885292,9.644798],[123.885474,9.644797]]],[[[123.885839,9.644887],[123.885839,9.644797],[123.885565,9.644797],[123.885565,9.644888],[123.885839,9.644887]]],[[[123.883673,9.652941],[123.883764,9.652941],[123.883763,9.65267],[123.883672,9.65267],[123.883673,9.652941]]],[[[123.883673,9.652941],[123.883581,9.652942],[123.883582,9.653032],[123.883673,9.653032],[123.883673,9.652941]]],[[[123.883582,9.653303],[123.883582,9.653213],[123.883491,9.653213],[123.883491,9.653304],[123.883582,9.653303]]],[[[123.8834,9.653394],[123.883401,9.653756],[123.883492,9.653756],[123.883492,9.653394],[123.8834,9.653394]]],[[[123.883402,9.653847],[123.883401,9.653756],[123.88331,9.653756],[123.88331,9.653847],[123.883402,9.653847]]],[[[123.882689,9.660269],[123.883054,9.660268],[123.883053,9.660178],[123.882689,9.660179],[123.882689,9.660269]]],[[[123.882416,9.660361],[123.882416,9.660451],[123.882325,9.660451],[123.882325,9.660542],[123.882508,9.660541],[123.882507,9.660451],[123.882598,9.660451],[123.882598,9.66036],[123.882689,9.66036],[123.882689,9.660269],[123.882507,9.66027],[123.882507,9.66036],[123.882416,9.660361]]],[[[123.882326,9.660632],[123.882325,9.660542],[123.882234,9.660542],[123.882234,9.660632],[123.882326,9.660632]]],[[[123.881963,9.661266],[123.881963,9.661357],[123.882054,9.661356],[123.882054,9.661266],[123.881963,9.661266]]],[[[123.881963,9.661447],[123.881963,9.661357],[123.881872,9.661357],[123.881872,9.661447],[123.881963,9.661447]]],[[[123.882335,9.66425],[123.882334,9.664069],[123.882243,9.664069],[123.882244,9.66425],[123.882335,9.66425]]],[[[123.886346,9.66442],[123.886345,9.66433],[123.886254,9.66433],[123.886255,9.66442],[123.886346,9.66442]]],[[[123.88352,9.664427],[123.883247,9.664428],[123.883247,9.664519],[123.883156,9.664519],[123.883156,9.6647],[123.883339,9.664699],[123.883338,9.664609],[123.88343,9.664609],[123.883429,9.664518],[123.883521,9.664518],[123.88352,9.664427]]],[[[123.882245,9.664521],[123.882153,9.664521],[123.882154,9.664702],[123.882245,9.664702],[123.882245,9.664521]]],[[[123.882154,9.664883],[123.882154,9.664793],[123.882063,9.664793],[123.882063,9.664883],[123.882154,9.664883]]],[[[123.882882,9.664429],[123.882791,9.664429],[123.882792,9.664881],[123.882701,9.664882],[123.882702,9.665334],[123.882793,9.665334],[123.882794,9.665424],[123.882885,9.665424],[123.882884,9.665243],[123.882793,9.665243],[123.882793,9.665062],[123.882884,9.665062],[123.882882,9.664429]]],[[[123.883157,9.665061],[123.883066,9.665062],[123.883066,9.665152],[123.883158,9.665152],[123.883158,9.665333],[123.883067,9.665333],[123.883067,9.665514],[123.883159,9.665514],[123.883159,9.665694],[123.88325,9.665694],[123.883248,9.664971],[123.883157,9.664971],[123.883157,9.665061]]],[[[123.881793,9.66615],[123.881793,9.665969],[123.881701,9.66597],[123.881702,9.66606],[123.881611,9.66606],[123.881611,9.666151],[123.881793,9.66615]]],[[[123.882431,9.666239],[123.882431,9.666149],[123.88234,9.666149],[123.88234,9.666239],[123.882431,9.666239]]],[[[123.881428,9.666151],[123.881429,9.666332],[123.88152,9.666332],[123.88152,9.666241],[123.881611,9.666241],[123.881611,9.666151],[123.881428,9.666151]]],[[[123.882522,9.666239],[123.882431,9.666239],[123.882432,9.666329],[123.882523,9.666329],[123.882522,9.666239]]],[[[123.883161,9.666599],[123.883161,9.666328],[123.883252,9.666327],[123.883251,9.666056],[123.883069,9.666056],[123.88307,9.666599],[123.883161,9.666599]]],[[[123.88307,9.666599],[123.882979,9.666599],[123.882979,9.66669],[123.88307,9.666689],[123.88307,9.666599]]],[[[123.881977,9.666692],[123.881886,9.666693],[123.881886,9.666783],[123.881977,9.666783],[123.881977,9.666692]]],[[[123.887096,9.672558],[123.887096,9.672467],[123.886914,9.672468],[123.886913,9.672377],[123.886731,9.672378],[123.886732,9.672558],[123.887096,9.672558]]],[[[123.887008,9.673553],[123.887007,9.673462],[123.886552,9.673463],[123.886552,9.673554],[123.887008,9.673553]]],[[[123.887828,9.673731],[123.887828,9.673641],[123.887646,9.673641],[123.887646,9.673732],[123.887828,9.673731]]],[[[123.885185,9.673829],[123.884912,9.673829],[123.884912,9.67392],[123.885186,9.673919],[123.885185,9.673829]]],[[[123.887373,9.673913],[123.887373,9.674004],[123.887556,9.674003],[123.887555,9.673913],[123.887373,9.673913]]],[[[123.887921,9.674183],[123.88783,9.674184],[123.88783,9.674274],[123.888012,9.674273],[123.888012,9.674093],[123.88792,9.674093],[123.887921,9.674183]]],[[[123.885202,9.680069],[123.885202,9.679978],[123.88511,9.679979],[123.885111,9.680069],[123.885202,9.680069]]],[[[123.885202,9.68025],[123.885293,9.680249],[123.885293,9.680159],[123.885202,9.680159],[123.885202,9.68025]]],[[[123.885293,9.680249],[123.885294,9.68034],[123.885385,9.68034],[123.885385,9.680249],[123.885293,9.680249]]],[[[123.885385,9.68034],[123.885385,9.68043],[123.885476,9.68043],[123.885476,9.680339],[123.885385,9.68034]]],[[[123.885567,9.68043],[123.885476,9.68043],[123.885476,9.68052],[123.885568,9.68052],[123.885567,9.68043]]],[[[123.885659,9.68052],[123.885568,9.68052],[123.885568,9.68061],[123.885659,9.68061],[123.885659,9.68052]]],[[[123.885933,9.680971],[123.885933,9.680881],[123.885842,9.680881],[123.885842,9.680971],[123.885933,9.680971]]],[[[123.882105,9.680891],[123.882014,9.680891],[123.882014,9.681072],[123.882105,9.681071],[123.882105,9.680891]]],[[[123.886298,9.681061],[123.886207,9.681061],[123.886207,9.681242],[123.886299,9.681242],[123.886298,9.681061]]],[[[123.886208,9.681604],[123.886208,9.681332],[123.886117,9.681332],[123.886117,9.681604],[123.886208,9.681604]]],[[[123.881926,9.682157],[123.881926,9.682067],[123.881835,9.682067],[123.881835,9.682157],[123.881926,9.682157]]],[[[123.886302,9.682508],[123.886393,9.682507],[123.886393,9.682417],[123.886302,9.682417],[123.886302,9.682508]]],[[[123.886393,9.682507],[123.886393,9.682598],[123.886576,9.682597],[123.886575,9.682507],[123.886393,9.682507]]],[[[123.886394,9.682869],[123.886394,9.682779],[123.886211,9.682779],[123.886211,9.682689],[123.886029,9.682689],[123.886029,9.68278],[123.88612,9.682779],[123.886121,9.68287],[123.886394,9.682869]]],[[[123.887306,9.682957],[123.887397,9.682957],[123.887397,9.682867],[123.887305,9.682867],[123.887306,9.682957]]],[[[123.886667,9.682868],[123.886394,9.682869],[123.886394,9.68296],[123.886668,9.682959],[123.886667,9.682868]]],[[[123.887488,9.682957],[123.887397,9.682957],[123.887397,9.683047],[123.887488,9.683047],[123.887488,9.682957]]],[[[123.888038,9.684222],[123.888129,9.684221],[123.888129,9.684131],[123.888038,9.684131],[123.888038,9.684222]]],[[[123.88731,9.684585],[123.88731,9.684495],[123.887219,9.684495],[123.887219,9.684585],[123.88731,9.684585]]],[[[123.887858,9.685126],[123.887859,9.685217],[123.888041,9.685216],[123.88804,9.685035],[123.887949,9.685036],[123.887949,9.685126],[123.887858,9.685126]]],[[[123.887768,9.685307],[123.887768,9.685398],[123.887859,9.685398],[123.887859,9.685307],[123.887768,9.685307]]],[[[123.887768,9.685398],[123.887677,9.685398],[123.887677,9.685489],[123.887768,9.685488],[123.887768,9.685398]]],[[[123.887677,9.685579],[123.887586,9.685579],[123.887587,9.68576],[123.887678,9.68576],[123.887677,9.685579]]],[[[123.888042,9.685849],[123.888042,9.685759],[123.887951,9.685759],[123.887951,9.68585],[123.888042,9.685849]]],[[[123.887587,9.686031],[123.887587,9.686122],[123.887679,9.686122],[123.887678,9.686031],[123.887587,9.686031]]],[[[123.887588,9.686212],[123.887587,9.686122],[123.887496,9.686122],[123.887497,9.686213],[123.887588,9.686212]]],[[[123.888153,9.693355],[123.88788,9.693356],[123.88788,9.693446],[123.888154,9.693446],[123.888153,9.693355]]],[[[123.887789,9.693356],[123.887698,9.693357],[123.887698,9.693447],[123.887789,9.693447],[123.887789,9.693356]]],[[[123.887608,9.69399],[123.887608,9.69408],[123.887791,9.69408],[123.887791,9.69417],[123.887882,9.69417],[123.887882,9.693989],[123.888064,9.693989],[123.888064,9.693898],[123.888155,9.693898],[123.888155,9.693808],[123.888246,9.693807],[123.888245,9.693717],[123.888063,9.693717],[123.888063,9.693808],[123.887881,9.693808],[123.887881,9.693899],[123.887699,9.693899],[123.887699,9.69399],[123.887608,9.69399]]],[[[123.882686,9.694003],[123.882777,9.694002],[123.882777,9.693912],[123.882686,9.693912],[123.882686,9.694003]]],[[[123.882868,9.694002],[123.882777,9.694002],[123.882777,9.694093],[123.882869,9.694092],[123.882868,9.694002]]],[[[123.882139,9.694004],[123.882048,9.694004],[123.882048,9.694095],[123.882139,9.694094],[123.882139,9.694004]]],[[[123.881319,9.694096],[123.881228,9.694097],[123.881228,9.694187],[123.881319,9.694187],[123.881319,9.694096]]],[[[123.887791,9.694261],[123.887791,9.69417],[123.8877,9.69417],[123.8877,9.694261],[123.887791,9.694261]]],[[[123.881957,9.694095],[123.881775,9.694095],[123.881775,9.694186],[123.881684,9.694186],[123.881685,9.694457],[123.881776,9.694457],[123.881775,9.694276],[123.881866,9.694276],[123.881866,9.694186],[123.881957,9.694185],[123.881957,9.694095]]],[[[123.8877,9.694261],[123.887518,9.694261],[123.887518,9.694442],[123.8877,9.694442],[123.8877,9.694261]]],[[[123.881502,9.694277],[123.881411,9.694277],[123.881411,9.694458],[123.881502,9.694458],[123.881502,9.694277]]],[[[123.887518,9.694442],[123.887427,9.694442],[123.887427,9.694533],[123.887518,9.694533],[123.887518,9.694442]]],[[[123.881404,9.69482],[123.881412,9.69482],[123.881412,9.694729],[123.881321,9.694739],[123.881404,9.69482]]],[[[123.881959,9.694728],[123.881959,9.694637],[123.881867,9.694638],[123.881868,9.694909],[123.881959,9.694909],[123.881959,9.694942],[123.88205,9.694888],[123.88205,9.694728],[123.881959,9.694728]]],[[[123.883691,9.694904],[123.883556,9.694905],[123.883782,9.694979],[123.883782,9.694814],[123.883691,9.694814],[123.883691,9.694904]]],[[[123.889197,9.674361],[123.889197,9.67427],[123.889288,9.67427],[123.889288,9.67418],[123.889014,9.67418],[123.889015,9.674271],[123.889106,9.674271],[123.889106,9.674361],[123.889197,9.674361]]],[[[123.888559,9.674363],[123.88865,9.674362],[123.88865,9.674272],[123.888559,9.674272],[123.888559,9.674363]]],[[[123.888833,9.674452],[123.888833,9.674362],[123.888741,9.674362],[123.888742,9.674452],[123.888833,9.674452]]],[[[123.888559,9.674453],[123.888559,9.674363],[123.888468,9.674363],[123.888468,9.674453],[123.888559,9.674453]]],[[[123.888219,9.683678],[123.888218,9.683407],[123.888127,9.683407],[123.888128,9.683679],[123.888219,9.683678]]],[[[123.888311,9.683949],[123.888311,9.683859],[123.88822,9.683859],[123.88822,9.68395],[123.888311,9.683949]]],[[[123.888311,9.68413],[123.888403,9.68413],[123.888402,9.683949],[123.888311,9.683949],[123.888311,9.68413]]],[[[123.888494,9.68413],[123.888403,9.68413],[123.888403,9.684221],[123.888494,9.68422],[123.888494,9.68413]]],[[[123.888221,9.684221],[123.888129,9.684221],[123.88813,9.684312],[123.888221,9.684311],[123.888221,9.684221]]],[[[123.888587,9.684763],[123.888586,9.684401],[123.888494,9.684401],[123.888495,9.684763],[123.888587,9.684763]]],[[[123.888313,9.684763],[123.888312,9.684492],[123.888221,9.684492],[123.888221,9.684583],[123.88813,9.684583],[123.888131,9.684673],[123.888222,9.684673],[123.888222,9.684764],[123.888313,9.684763]]],[[[123.88804,9.685035],[123.888131,9.685035],[123.888131,9.684764],[123.88804,9.684764],[123.88804,9.685035]]],[[[123.888496,9.684853],[123.888404,9.684854],[123.888405,9.685125],[123.888314,9.685125],[123.888314,9.685216],[123.888497,9.685215],[123.888496,9.684853]]],[[[123.888224,9.685487],[123.888315,9.685487],[123.888315,9.685306],[123.888223,9.685306],[123.888224,9.685397],[123.888132,9.685397],[123.888133,9.685487],[123.888042,9.685488],[123.888042,9.685668],[123.888133,9.685668],[123.888133,9.685578],[123.888224,9.685578],[123.888224,9.685487]]],[[[123.888681,9.685848],[123.889136,9.685847],[123.889136,9.685756],[123.888589,9.685758],[123.88859,9.685938],[123.888681,9.685938],[123.888681,9.685848]]],[[[123.89178,9.68593],[123.89178,9.68584],[123.891688,9.68584],[123.891689,9.68593],[123.89178,9.68593]]],[[[123.888407,9.685848],[123.888407,9.685939],[123.888498,9.685939],[123.888498,9.685848],[123.888407,9.685848]]],[[[123.888408,9.686029],[123.888407,9.685939],[123.888134,9.68594],[123.888134,9.68603],[123.888408,9.686029]]],[[[123.88859,9.686119],[123.88859,9.68621],[123.888681,9.686209],[123.888681,9.686119],[123.88859,9.686119]]],[[[123.88859,9.68621],[123.888499,9.68621],[123.888499,9.6863],[123.888591,9.6863],[123.88859,9.68621]]],[[[123.888408,9.686301],[123.887953,9.686302],[123.887952,9.686211],[123.887861,9.686212],[123.887862,9.686392],[123.888409,9.686391],[123.888408,9.686301]]],[[[123.891234,9.686384],[123.891143,9.686384],[123.891143,9.686294],[123.891052,9.686294],[123.891052,9.686475],[123.891234,9.686474],[123.891234,9.686384]]],[[[123.890779,9.686475],[123.89087,9.686475],[123.890869,9.686385],[123.890778,9.686385],[123.890779,9.686475]]],[[[123.891325,9.686474],[123.891234,9.686474],[123.891235,9.686565],[123.891326,9.686564],[123.891325,9.686474]]],[[[123.89087,9.686475],[123.89087,9.686566],[123.890961,9.686565],[123.890961,9.686475],[123.89087,9.686475]]],[[[123.891052,9.686655],[123.890961,9.686656],[123.890962,9.686746],[123.891053,9.686746],[123.891052,9.686655]]],[[[123.891418,9.686926],[123.891417,9.686745],[123.891326,9.686745],[123.891327,9.686926],[123.891418,9.686926]]],[[[123.891327,9.687197],[123.891327,9.687017],[123.891236,9.687017],[123.891236,9.687198],[123.891327,9.687197]]],[[[123.891419,9.687378],[123.891419,9.687288],[123.891328,9.687288],[123.891328,9.687378],[123.891419,9.687378]]],[[[123.891054,9.687379],[123.891054,9.687289],[123.890872,9.687289],[123.890872,9.687379],[123.891054,9.687379]]],[[[123.890781,9.687561],[123.890782,9.687651],[123.890964,9.687651],[123.890963,9.68747],[123.890872,9.68747],[123.890873,9.68756],[123.890781,9.687561]]],[[[123.891238,9.68774],[123.891237,9.68765],[123.891146,9.68765],[123.891147,9.68774],[123.891238,9.68774]]],[[[123.891063,9.690725],[123.891063,9.690635],[123.89079,9.690635],[123.89079,9.690726],[123.891063,9.690725]]],[[[123.888056,9.690823],[123.887964,9.690824],[123.887965,9.690914],[123.887874,9.690914],[123.887874,9.691095],[123.887783,9.691095],[123.887784,9.691367],[123.887966,9.691366],[123.887965,9.691185],[123.888057,9.691185],[123.888056,9.691095],[123.888147,9.691094],[123.888147,9.691004],[123.888238,9.691004],[123.888238,9.690913],[123.888329,9.690913],[123.888329,9.690823],[123.88842,9.690822],[123.88842,9.690642],[123.888146,9.690642],[123.888146,9.690733],[123.888055,9.690733],[123.888056,9.690823]]],[[[123.888421,9.691094],[123.888877,9.691093],[123.888877,9.691183],[123.888968,9.691183],[123.888968,9.691273],[123.889059,9.691273],[123.889059,9.691183],[123.88915,9.691182],[123.88915,9.691092],[123.888968,9.691092],[123.888968,9.691002],[123.888876,9.691002],[123.888876,9.690912],[123.888603,9.690912],[123.888603,9.691003],[123.888421,9.691003],[123.888421,9.691094]]],[[[123.888239,9.691275],[123.88833,9.691275],[123.888331,9.691456],[123.888422,9.691455],[123.888422,9.691365],[123.888513,9.691365],[123.888512,9.691274],[123.888421,9.691275],[123.888421,9.691094],[123.88833,9.691094],[123.88833,9.691184],[123.888239,9.691185],[123.888239,9.691275]]],[[[123.888423,9.692089],[123.888424,9.692179],[123.888697,9.692178],[123.888697,9.692088],[123.888606,9.692088],[123.888605,9.691907],[123.888241,9.691908],[123.888241,9.691999],[123.888332,9.691998],[123.888332,9.692089],[123.888423,9.692089]]],[[[123.890611,9.692173],[123.890611,9.692083],[123.890429,9.692083],[123.890429,9.692355],[123.890521,9.692354],[123.890521,9.692445],[123.890612,9.692445],[123.890612,9.692535],[123.890703,9.692535],[123.890704,9.692625],[123.890886,9.692625],[123.890885,9.692444],[123.890794,9.692444],[123.890794,9.692354],[123.890703,9.692354],[123.890702,9.692173],[123.890611,9.692173]]],[[[123.887968,9.692361],[123.887969,9.692451],[123.888151,9.692451],[123.888151,9.692541],[123.888425,9.692541],[123.888424,9.69245],[123.888333,9.692451],[123.888333,9.69236],[123.888242,9.69236],[123.888242,9.69227],[123.887877,9.692271],[123.887877,9.692361],[123.887968,9.692361]]],[[[123.889975,9.692898],[123.889975,9.692808],[123.890157,9.692808],[123.890156,9.692446],[123.890065,9.692446],[123.890065,9.692536],[123.889974,9.692537],[123.889974,9.692627],[123.889883,9.692627],[123.889884,9.692718],[123.889792,9.692718],[123.889793,9.692808],[123.889701,9.692809],[123.889701,9.692718],[123.889428,9.692719],[123.889428,9.6929],[123.889975,9.692898]]],[[[123.890705,9.692987],[123.890613,9.692987],[123.890614,9.69306],[123.890978,9.693121],[123.890978,9.693077],[123.890887,9.693077],[123.890887,9.692987],[123.890796,9.692987],[123.890796,9.692896],[123.890704,9.692897],[123.890705,9.692987]]],[[[123.889611,9.693235],[123.889743,9.69317],[123.889611,9.693171],[123.889611,9.693235]]],[[[123.89018,9.692988],[123.890431,9.69303],[123.890431,9.692988],[123.89018,9.692988]]],[[[123.891252,9.693076],[123.891251,9.692986],[123.89116,9.692986],[123.891161,9.693151],[123.891343,9.693181],[123.891343,9.693076],[123.891252,9.693076]]],[[[123.888518,9.693445],[123.888518,9.693354],[123.888609,9.693354],[123.888609,9.693264],[123.888244,9.693265],[123.888245,9.693355],[123.888336,9.693355],[123.888336,9.693445],[123.888518,9.693445]]],[[[123.888792,9.693444],[123.888792,9.693625],[123.888974,9.693548],[123.888974,9.693444],[123.889065,9.693443],[123.889065,9.693353],[123.888883,9.693353],[123.888883,9.693444],[123.888792,9.693444]]],[[[123.888518,9.693535],[123.888519,9.693626],[123.88861,9.693625],[123.88861,9.693535],[123.888518,9.693535]]],[[[123.888792,9.693638],[123.888792,9.693625],[123.88861,9.693625],[123.88861,9.693716],[123.888792,9.693638]]],[[[123.888519,9.693626],[123.888428,9.693626],[123.888428,9.693716],[123.888519,9.693716],[123.888519,9.693626]]],[[[123.892865,9.682852],[123.892774,9.682853],[123.892775,9.683214],[123.892866,9.683214],[123.892866,9.683124],[123.892957,9.683123],[123.892957,9.683033],[123.893048,9.683033],[123.893048,9.682852],[123.893139,9.682852],[123.893138,9.6824],[123.892955,9.6824],[123.892955,9.68231],[123.892864,9.68231],[123.892865,9.682581],[123.892956,9.682581],[123.892956,9.682762],[123.892865,9.682762],[123.892865,9.682852]]],[[[123.893505,9.683303],[123.893504,9.683213],[123.893322,9.683213],[123.893322,9.683303],[123.893505,9.683303]]],[[[123.892684,9.683305],[123.892593,9.683305],[123.892593,9.683396],[123.892685,9.683396],[123.892684,9.683305]]],[[[123.892502,9.683486],[123.892411,9.683487],[123.892412,9.683577],[123.892503,9.683577],[123.892502,9.683486]]],[[[123.892229,9.683578],[123.89223,9.683668],[123.892321,9.683668],[123.89232,9.683577],[123.892229,9.683578]]],[[[123.89223,9.683758],[123.89223,9.683668],[123.892138,9.683668],[123.892139,9.683759],[123.89223,9.683758]]],[[[123.891962,9.685839],[123.891962,9.685749],[123.89187,9.685749],[123.891871,9.685839],[123.891962,9.685839]]],[[[123.893338,9.689363],[123.893247,9.689363],[123.893247,9.689453],[123.893339,9.689453],[123.893338,9.689363]]],[[[123.892428,9.689727],[123.892246,9.689727],[123.892246,9.689818],[123.892428,9.689817],[123.892428,9.689727]]],[[[123.893431,9.690086],[123.893523,9.690086],[123.893522,9.689995],[123.893431,9.689995],[123.893431,9.690086]]],[[[123.893705,9.690085],[123.893523,9.690086],[123.893523,9.690176],[123.893705,9.690176],[123.893705,9.690085]]],[[[123.893435,9.691442],[123.893435,9.691533],[123.893344,9.691533],[123.893344,9.691624],[123.893527,9.691623],[123.893526,9.691533],[123.893618,9.691532],[123.893617,9.691442],[123.893435,9.691442]]],[[[123.893344,9.691624],[123.893253,9.691624],[123.893253,9.691714],[123.893345,9.691714],[123.893344,9.691624]]],[[[123.893072,9.692167],[123.893163,9.692167],[123.893164,9.692348],[123.893255,9.692347],[123.893255,9.692257],[123.893346,9.692257],[123.893346,9.692076],[123.893254,9.692076],[123.893253,9.691714],[123.893162,9.691714],[123.893163,9.691895],[123.893072,9.691896],[123.893072,9.692167]]],[[[123.893256,9.692619],[123.893347,9.692618],[123.893347,9.692528],[123.893256,9.692528],[123.893256,9.692619]]],[[[123.893711,9.692527],[123.89362,9.692527],[123.89362,9.692618],[123.893347,9.692618],[123.893347,9.692709],[123.893712,9.692708],[123.893711,9.692527]]],[[[123.893896,9.693431],[123.893896,9.69334],[123.893622,9.693341],[123.893623,9.693522],[123.893532,9.693522],[123.893532,9.693545],[123.893805,9.69359],[123.893805,9.693431],[123.893896,9.693431]]],[[[123.893695,9.686287],[123.893695,9.686377],[123.893786,9.686377],[123.893786,9.686287],[123.893695,9.686287]]],[[[123.893695,9.686468],[123.893695,9.686377],[123.893604,9.686378],[123.893604,9.686468],[123.893695,9.686468]]],[[[123.894252,9.690084],[123.894343,9.690084],[123.894343,9.689993],[123.894525,9.689993],[123.894525,9.689902],[123.893978,9.689904],[123.893978,9.689994],[123.894252,9.689993],[123.894252,9.690084]]],[[[123.895072,9.690082],[123.894981,9.690082],[123.894981,9.690172],[123.895072,9.690172],[123.895072,9.690082]]],[[[123.894799,9.690173],[123.894799,9.690082],[123.894707,9.690083],[123.894708,9.690173],[123.894799,9.690173]]],[[[123.893887,9.690175],[123.893705,9.690176],[123.893705,9.690266],[123.893888,9.690266],[123.893887,9.690175]]],[[[123.894981,9.690263],[123.894981,9.690172],[123.894799,9.690173],[123.894799,9.690263],[123.894708,9.690263],[123.894708,9.690354],[123.894891,9.690353],[123.89489,9.690263],[123.894981,9.690263]]],[[[123.894344,9.690626],[123.894435,9.690626],[123.894435,9.690355],[123.894344,9.690355],[123.894343,9.690264],[123.893888,9.690266],[123.893888,9.690356],[123.894252,9.690355],[123.894253,9.690446],[123.894344,9.690445],[123.894344,9.690626]]],[[[123.894254,9.690988],[123.894254,9.690898],[123.894436,9.690897],[123.894436,9.690807],[123.894163,9.690808],[123.894163,9.690898],[123.894072,9.690898],[123.894072,9.690989],[123.894254,9.690988]]],[[[123.894255,9.69144],[123.894438,9.69144],[123.894437,9.691349],[123.894255,9.69135],[123.894255,9.69144]]],[[[123.894256,9.691531],[123.894255,9.69144],[123.894164,9.691441],[123.894164,9.691531],[123.894256,9.691531]]],[[[123.894075,9.692345],[123.894075,9.692255],[123.893802,9.692255],[123.893802,9.692346],[123.894075,9.692345]]],[[[123.894167,9.692345],[123.894075,9.692345],[123.894076,9.692436],[123.894167,9.692435],[123.894167,9.692345]]],[[[123.894076,9.692526],[123.894076,9.692616],[123.894167,9.692616],[123.894168,9.692707],[123.894259,9.692706],[123.894258,9.692526],[123.894076,9.692526]]],[[[123.893895,9.693069],[123.893895,9.692888],[123.893803,9.692888],[123.893804,9.693069],[123.893895,9.693069]]],[[[123.894079,9.693611],[123.894079,9.693636],[123.894261,9.693666],[123.894261,9.693611],[123.894079,9.693611]]],[[[123.895617,9.689447],[123.895435,9.689448],[123.895435,9.689538],[123.895618,9.689538],[123.895617,9.689447]]],[[[123.895071,9.689629],[123.895162,9.689629],[123.895162,9.689539],[123.895071,9.689539],[123.895071,9.689629]]],[[[123.895435,9.689629],[123.895162,9.689629],[123.895162,9.68972],[123.895436,9.689719],[123.895435,9.689629]]],[[[123.895618,9.689809],[123.895619,9.689899],[123.895527,9.6899],[123.895528,9.68999],[123.895801,9.689989],[123.895801,9.689808],[123.895618,9.689809]]],[[[123.895072,9.690082],[123.895163,9.690081],[123.895163,9.689991],[123.895072,9.689991],[123.895072,9.690082]]],[[[123.895711,9.690261],[123.89571,9.69008],[123.895619,9.69008],[123.895619,9.690261],[123.895711,9.690261]]],[[[123.895984,9.69017],[123.895984,9.69026],[123.896166,9.69026],[123.896166,9.690169],[123.895984,9.69017]]],[[[123.896349,9.69035],[123.896349,9.690259],[123.896258,9.690259],[123.896258,9.69035],[123.896349,9.69035]]],[[[123.895985,9.690441],[123.895984,9.69026],[123.895893,9.69026],[123.895893,9.690441],[123.895985,9.690441]]],[[[123.89644,9.69044],[123.896349,9.69044],[123.896349,9.69053],[123.896258,9.690531],[123.896258,9.690621],[123.896623,9.69062],[123.896623,9.690439],[123.896531,9.69044],[123.896532,9.69053],[123.896441,9.69053],[123.89644,9.69044]]],[[[123.895347,9.690714],[123.895621,9.690713],[123.895621,9.690804],[123.895894,9.690803],[123.895894,9.690622],[123.895712,9.690623],[123.895711,9.690532],[123.895529,9.690533],[123.895529,9.690623],[123.895347,9.690624],[123.895347,9.690714]]],[[[123.895171,9.692885],[123.895353,9.692884],[123.895353,9.692794],[123.89517,9.692794],[123.895171,9.692885]]],[[[123.895353,9.692884],[123.895353,9.692975],[123.895444,9.692975],[123.895444,9.692884],[123.895353,9.692884]]],[[[123.896805,9.690348],[123.896713,9.690349],[123.896714,9.69062],[123.896805,9.69062],[123.896805,9.690348]]],[[[123.898803,9.687901],[123.898803,9.687721],[123.898712,9.687721],[123.898712,9.687902],[123.898803,9.687901]]],[[[123.898804,9.688173],[123.898804,9.688082],[123.898713,9.688083],[123.898713,9.688173],[123.898804,9.688173]]],[[[123.898441,9.688626],[123.89844,9.688535],[123.898349,9.688536],[123.89835,9.688626],[123.898441,9.688626]]],[[[123.899887,9.684191],[123.899887,9.68401],[123.899705,9.68401],[123.899705,9.684101],[123.899614,9.684101],[123.899614,9.684282],[123.90007,9.684281],[123.90007,9.68419],[123.899887,9.684191]]],[[[123.901078,9.686177],[123.901077,9.685906],[123.900986,9.685906],[123.900986,9.685996],[123.900895,9.685997],[123.900895,9.686087],[123.900986,9.686087],[123.900986,9.686177],[123.901078,9.686177]]],[[[123.900261,9.687445],[123.90026,9.687355],[123.900169,9.687355],[123.900169,9.687446],[123.900261,9.687445]]],[[[123.900992,9.688257],[123.900992,9.688167],[123.900901,9.688167],[123.900901,9.688258],[123.900992,9.688257]]],[[[123.900188,9.6945],[123.900279,9.694499],[123.900279,9.694409],[123.900188,9.694409],[123.900188,9.6945]]],[[[123.900279,9.694499],[123.90028,9.69459],[123.900371,9.69459],[123.900371,9.694499],[123.900279,9.694499]]],[[[123.900553,9.694589],[123.900462,9.694589],[123.900462,9.69468],[123.900553,9.69468],[123.900553,9.694589]]],[[[123.901009,9.694769],[123.901009,9.694678],[123.900644,9.694679],[123.900645,9.694726],[123.901009,9.694769]]],[[[123.901625,9.686357],[123.901534,9.686357],[123.901534,9.686447],[123.901625,9.686447],[123.901625,9.686357]]],[[[123.901628,9.687532],[123.901628,9.687442],[123.901719,9.687442],[123.901719,9.687351],[123.901536,9.687352],[123.901536,9.687261],[123.901354,9.687262],[123.901355,9.687533],[123.901628,9.687532]]],[[[123.901265,9.687985],[123.901265,9.688076],[123.901356,9.688076],[123.901356,9.687985],[123.901265,9.687985]]],[[[123.901265,9.688166],[123.901265,9.688076],[123.901083,9.688076],[123.901083,9.688167],[123.901265,9.688166]]],[[[123.901828,9.694314],[123.901828,9.694224],[123.901737,9.694224],[123.901737,9.694315],[123.901828,9.694314]]],[[[123.90208,9.686084],[123.902353,9.686083],[123.902198,9.685903],[123.901988,9.685903],[123.901988,9.685994],[123.90208,9.685994],[123.90208,9.686084]]],[[[123.902354,9.686174],[123.902464,9.686173],[123.902376,9.686083],[123.902353,9.686083],[123.902354,9.686174]]],[[[123.9019,9.687079],[123.901991,9.687079],[123.901992,9.68717],[123.902083,9.687169],[123.902082,9.686988],[123.9019,9.686989],[123.9019,9.687079]]],[[[123.902448,9.687259],[123.902447,9.687168],[123.902265,9.687169],[123.902265,9.687259],[123.902448,9.687259]]],[[[123.902541,9.688253],[123.902541,9.688072],[123.90245,9.688073],[123.90245,9.688254],[123.902541,9.688253]]],[[[123.902636,9.68961],[123.902636,9.689519],[123.902545,9.689519],[123.902545,9.68961],[123.902636,9.68961]]],[[[123.902457,9.690876],[123.902458,9.690967],[123.902275,9.690967],[123.902275,9.691058],[123.902549,9.691057],[123.902548,9.690876],[123.902457,9.690876]]],[[[123.902276,9.691148],[123.902275,9.691058],[123.902184,9.691058],[123.902185,9.691148],[123.902276,9.691148]]],[[[123.901911,9.691239],[123.902094,9.691239],[123.902093,9.691058],[123.902002,9.691058],[123.902002,9.691149],[123.90182,9.691149],[123.90182,9.69124],[123.901729,9.69124],[123.901729,9.69133],[123.90182,9.69133],[123.901821,9.691692],[123.901913,9.691692],[123.901911,9.691239]]],[[[123.902095,9.691872],[123.902186,9.691872],[123.902186,9.691781],[123.902277,9.691781],[123.902277,9.6916],[123.902368,9.6916],[123.902368,9.69151],[123.90255,9.691509],[123.90255,9.691419],[123.902641,9.691418],[123.902641,9.691328],[123.90255,9.691328],[123.902549,9.691238],[123.902367,9.691238],[123.902368,9.691419],[123.902094,9.69142],[123.902095,9.691872]]],[[[123.902278,9.692052],[123.902096,9.692053],[123.902097,9.692415],[123.902279,9.692414],[123.902278,9.692052]]],[[[123.903086,9.687348],[123.903096,9.687257],[123.903045,9.687167],[123.902903,9.687167],[123.902903,9.687258],[123.902994,9.687257],[123.902995,9.687348],[123.903086,9.687348]]],[[[123.903275,9.689879],[123.903275,9.689789],[123.903366,9.689789],[123.903366,9.689698],[123.903457,9.689698],[123.903457,9.689607],[123.903548,9.689607],[123.903547,9.689426],[123.903456,9.689427],[123.903456,9.689517],[123.903365,9.689517],[123.903365,9.689608],[123.903274,9.689608],[123.903274,9.689698],[123.903183,9.689699],[123.903184,9.68988],[123.903275,9.689879]]]]}},{"type":"Feature","properties":{"level":2,"classification":"moderate"},"geometry":{"type":"MultiPolygon","coordinates":[[[[123.859115,9.636906],[123.859024,9.636906],[123.859025,9.636996],[123.859116,9.636996],[123.859115,9.636906]]],[[[123.859025,9.637087],[123.859025,9.636996],[123.858842,9.636997],[123.858843,9.637087],[123.859025,9.637087]]],[[[123.858843,9.637178],[123.858843,9.637087],[123.85866,9.637088],[123.85866,9.637178],[123.858843,9.637178]]],[[[123.858205,9.637451],[123.858025,9.637451],[123.857965,9.637547],[123.857841,9.637451],[123.85784,9.63762],[123.857752,9.637684],[123.857477,9.637725],[123.857477,9.637814],[123.857751,9.637813],[123.85775,9.637723],[123.857933,9.637723],[123.857933,9.637632],[123.858024,9.637632],[123.858023,9.637541],[123.858297,9.637541],[123.858297,9.63745],[123.858388,9.63745],[123.858388,9.63736],[123.858205,9.63736],[123.858205,9.637451]]],[[[123.857423,9.637717],[123.857386,9.637717],[123.857386,9.637724],[123.857465,9.637724],[123.857423,9.637717]]],[[[123.854656,9.639268],[123.854656,9.639178],[123.854747,9.639177],[123.854746,9.639087],[123.854838,9.639087],[123.854837,9.638996],[123.854928,9.638996],[123.854928,9.638906],[123.854746,9.638906],[123.854746,9.638997],[123.854655,9.638997],[123.854655,9.639087],[123.854473,9.639088],[123.854473,9.639269],[123.854656,9.639268]]],[[[123.854383,9.639721],[123.854383,9.63954],[123.854292,9.63954],[123.854292,9.639631],[123.854201,9.639631],[123.854202,9.640174],[123.854294,9.640173],[123.854292,9.639721],[123.854383,9.639721]]],[[[123.853753,9.642526],[123.853661,9.642526],[123.853662,9.642888],[123.853571,9.642888],[123.853572,9.64325],[123.853663,9.64325],[123.853663,9.643159],[123.853754,9.643159],[123.853754,9.642888],[123.853845,9.642888],[123.853844,9.642526],[123.853935,9.642526],[123.853934,9.642073],[123.853843,9.642074],[123.853843,9.642345],[123.853752,9.642345],[123.853753,9.642526]]],[[[123.849853,9.650223],[123.849828,9.650223],[123.849803,9.650314],[123.849853,9.650313],[123.849853,9.650223]]],[[[123.849399,9.651016],[123.849385,9.651038],[123.849399,9.651038],[123.849399,9.651016]]],[[[123.849127,9.651672],[123.849082,9.651672],[123.849059,9.651853],[123.849128,9.651853],[123.849127,9.651672]]],[[[123.849037,9.652034],[123.849037,9.651889],[123.848946,9.651991],[123.848946,9.652034],[123.849037,9.652034]]],[[[123.848856,9.652306],[123.848855,9.652215],[123.848947,9.652215],[123.848946,9.652034],[123.848912,9.652034],[123.84881,9.65216],[123.848765,9.652299],[123.848856,9.652306]]],[[[123.848684,9.652412],[123.848511,9.652759],[123.848583,9.652758],[123.848583,9.652668],[123.848674,9.652668],[123.848674,9.652487],[123.848765,9.652487],[123.848765,9.652324],[123.848721,9.652404],[123.848684,9.652412]]],[[[123.848305,9.652987],[123.848255,9.653075],[123.84822,9.653086],[123.84822,9.653121],[123.848311,9.653121],[123.848311,9.65303],[123.848402,9.65303],[123.848402,9.65294],[123.848493,9.65294],[123.848492,9.652787],[123.848424,9.652861],[123.84834,9.652881],[123.848305,9.652987]]],[[[123.847406,9.655565],[123.847405,9.655474],[123.847348,9.655475],[123.847314,9.655544],[123.847406,9.655565]]],[[[123.847224,9.655765],[123.847224,9.655837],[123.847315,9.655836],[123.847315,9.655656],[123.847224,9.655765]]],[[[123.847224,9.655837],[123.847174,9.655837],[123.847133,9.655884],[123.847125,9.656018],[123.847224,9.656018],[123.847224,9.655837]]],[[[123.847042,9.656153],[123.847027,9.656199],[123.847043,9.656199],[123.847042,9.656153]]],[[[123.846767,9.656549],[123.846759,9.656561],[123.84677,9.656561],[123.846767,9.656549]]],[[[123.846679,9.656638],[123.846662,9.656652],[123.846679,9.656652],[123.846679,9.656638]]],[[[123.846317,9.657648],[123.846408,9.657647],[123.846408,9.657467],[123.846499,9.657466],[123.846498,9.657285],[123.84659,9.657285],[123.846588,9.656743],[123.846569,9.656743],[123.846498,9.657014],[123.846407,9.657014],[123.846407,9.6571],[123.8465,9.65714],[123.846402,9.657422],[123.846315,9.657623],[123.846184,9.657681],[123.84616,9.657903],[123.845966,9.658275],[123.845954,9.658372],[123.845894,9.65842],[123.845774,9.658644],[123.845864,9.658644],[123.845864,9.658553],[123.845955,9.658553],[123.845955,9.658462],[123.846046,9.658462],[123.846045,9.658281],[123.846136,9.658281],[123.846136,9.6581],[123.846227,9.6581],[123.846226,9.657829],[123.846318,9.657829],[123.846317,9.657648]]],[[[123.845773,9.658825],[123.845773,9.658645],[123.845682,9.658793],[123.845682,9.658825],[123.845773,9.658825]]],[[[123.845682,9.658825],[123.845665,9.658825],[123.845616,9.658916],[123.845682,9.658915],[123.845682,9.658825]]],[[[123.845567,9.659047],[123.845538,9.659097],[123.845592,9.659096],[123.845591,9.659015],[123.845567,9.659047]]],[[[123.84532,9.659821],[123.845312,9.659821],[123.845257,9.659911],[123.84532,9.659911],[123.84532,9.659821]]],[[[123.845106,9.660002],[123.845093,9.660092],[123.845138,9.660092],[123.845138,9.660002],[123.845106,9.660002]]],[[[123.844965,9.660455],[123.845048,9.660454],[123.845047,9.660204],[123.84503,9.660241],[123.844962,9.660254],[123.844965,9.660455]]],[[[123.844956,9.660614],[123.844926,9.660726],[123.844958,9.660726],[123.844956,9.660614]]],[[[123.844685,9.660985],[123.844685,9.661088],[123.844776,9.661088],[123.844776,9.660998],[123.844867,9.660997],[123.844867,9.660803],[123.844685,9.660985]]],[[[123.844504,9.661599],[123.844456,9.661722],[123.844504,9.661722],[123.844504,9.661599]]],[[[123.844594,9.661269],[123.844686,9.661269],[123.844685,9.661088],[123.84466,9.661088],[123.844616,9.661174],[123.844519,9.661541],[123.844595,9.661541],[123.844594,9.661269]]],[[[123.844413,9.661782],[123.844392,9.661813],[123.844413,9.661812],[123.844413,9.661782]]],[[[123.844316,9.661986],[123.844323,9.662007],[123.844323,9.661907],[123.844316,9.661986]]],[[[123.844323,9.662174],[123.844323,9.66206],[123.844303,9.662119],[123.844303,9.662175],[123.844323,9.662174]]],[[[123.844203,9.662356],[123.84423,9.662536],[123.844233,9.662536],[123.844233,9.662356],[123.844203,9.662356]]],[[[123.844325,9.662898],[123.844251,9.662898],[123.844302,9.662988],[123.844325,9.662988],[123.844325,9.662898]]],[[[123.844417,9.66335],[123.844508,9.66335],[123.844508,9.663259],[123.844417,9.663259],[123.844417,9.66335]]],[[[123.844692,9.663711],[123.844691,9.66344],[123.8446,9.66344],[123.8446,9.663512],[123.844644,9.663606],[123.844601,9.663711],[123.844692,9.663711]]],[[[123.844601,9.663713],[123.844601,9.663711],[123.8446,9.663711],[123.844601,9.663713]]],[[[123.844581,9.663802],[123.844601,9.663802],[123.844601,9.663771],[123.844581,9.663802]]],[[[123.844145,9.663984],[123.844145,9.663893],[123.84411,9.663893],[123.844104,9.663984],[123.844145,9.663984]]],[[[123.844,9.664436],[123.844055,9.664436],[123.844055,9.664132],[123.844,9.664436]]],[[[123.843965,9.664671],[123.843947,9.664778],[123.843891,9.664871],[123.843965,9.664888],[123.843965,9.664671]]],[[[123.843984,9.665134],[123.84399,9.66516],[123.844057,9.66516],[123.844057,9.665069],[123.843984,9.665134]]],[[[123.860645,9.665209],[123.860646,9.66548],[123.860737,9.66548],[123.860737,9.665209],[123.860645,9.665209]]],[[[123.860556,9.665933],[123.860647,9.665932],[123.860647,9.665752],[123.860556,9.665752],[123.860556,9.665933]]],[[[123.844217,9.666452],[123.844198,9.666516],[123.844243,9.666516],[123.844242,9.666335],[123.844217,9.666452]]],[[[123.861846,9.671446],[123.861843,9.67027],[123.861752,9.670271],[123.861751,9.669999],[123.86166,9.67],[123.86166,9.669819],[123.861569,9.669819],[123.861568,9.669548],[123.861477,9.669548],[123.861476,9.669367],[123.861385,9.669367],[123.861386,9.669639],[123.861477,9.669638],[123.861478,9.67],[123.861569,9.67],[123.86157,9.670362],[123.861661,9.670361],[123.861663,9.670994],[123.861754,9.670994],[123.861755,9.671446],[123.861846,9.671446]]],[[[123.851334,9.679521],[123.851385,9.679521],[123.851385,9.679431],[123.85132,9.679431],[123.851334,9.679521]]],[[[123.851385,9.679612],[123.851385,9.679702],[123.851476,9.679702],[123.851476,9.679611],[123.851385,9.679612]]],[[[123.862898,9.690888],[123.862899,9.690978],[123.863081,9.690978],[123.863081,9.691068],[123.863446,9.691067],[123.863446,9.691158],[123.863628,9.691157],[123.863628,9.690976],[123.863537,9.690976],[123.863536,9.690886],[123.863263,9.690887],[123.863263,9.690796],[123.86308,9.690797],[123.86308,9.690706],[123.862989,9.690706],[123.862989,9.690616],[123.862807,9.690616],[123.862806,9.690436],[123.862715,9.690436],[123.862715,9.690345],[123.862624,9.690346],[123.862623,9.690165],[123.862532,9.690165],[123.862532,9.690075],[123.862441,9.690075],[123.862442,9.690437],[123.862533,9.690436],[123.862533,9.690617],[123.862624,9.690617],[123.862625,9.690707],[123.862716,9.690707],[123.862716,9.690798],[123.862807,9.690797],[123.862807,9.690888],[123.862898,9.690888]]],[[[123.867126,9.633087],[123.867308,9.633087],[123.867308,9.632996],[123.86749,9.632996],[123.86749,9.632905],[123.867672,9.632905],[123.867672,9.632815],[123.867854,9.632814],[123.867854,9.632724],[123.868218,9.632723],[123.868218,9.632632],[123.8684,9.632632],[123.8684,9.632541],[123.868674,9.632541],[123.868673,9.63245],[123.868764,9.63245],[123.868764,9.63236],[123.868946,9.632359],[123.868946,9.632269],[123.86922,9.632268],[123.869219,9.632178],[123.869402,9.632177],[123.869401,9.632087],[123.869584,9.632086],[123.869583,9.631905],[123.869492,9.631906],[123.869492,9.631996],[123.869219,9.631997],[123.869219,9.632087],[123.868946,9.632088],[123.868946,9.632178],[123.868581,9.632179],[123.868582,9.63227],[123.868399,9.63227],[123.8684,9.632361],[123.868035,9.632361],[123.868035,9.632452],[123.867853,9.632452],[123.867853,9.632543],[123.867671,9.632543],[123.867671,9.632634],[123.867489,9.632634],[123.867489,9.632725],[123.867398,9.632725],[123.867398,9.632815],[123.867125,9.632816],[123.867125,9.632906],[123.867034,9.632907],[123.867034,9.632997],[123.866943,9.632997],[123.866943,9.633088],[123.866761,9.633088],[123.866761,9.633179],[123.866579,9.633179],[123.866579,9.633269],[123.866488,9.63327],[123.866488,9.63336],[123.866397,9.63336],[123.866397,9.633451],[123.866306,9.633451],[123.866307,9.633541],[123.866215,9.633542],[123.866216,9.633723],[123.866489,9.633722],[123.866489,9.633631],[123.86658,9.633631],[123.86658,9.63345],[123.866762,9.63345],[123.866762,9.633359],[123.866944,9.633359],[123.866944,9.633269],[123.867035,9.633268],[123.867035,9.633178],[123.867126,9.633178],[123.867126,9.633087]]],[[[123.864396,9.634632],[123.864395,9.634541],[123.864578,9.634541],[123.864577,9.63445],[123.86476,9.63445],[123.864759,9.634359],[123.864851,9.634359],[123.86485,9.634269],[123.865033,9.634268],[123.865032,9.634178],[123.865123,9.634178],[123.865123,9.634087],[123.86485,9.634088],[123.86485,9.633997],[123.864758,9.634011],[123.864759,9.634088],[123.864702,9.634088],[123.86468,9.63417],[123.86433,9.63436],[123.86376,9.63463],[123.863575,9.63466],[123.863576,9.634724],[123.863484,9.634724],[123.863484,9.634675],[123.86338,9.634698],[123.863346,9.634725],[123.863393,9.634724],[123.863394,9.634815],[123.863302,9.634815],[123.863302,9.634759],[123.863211,9.63483],[123.863211,9.634906],[123.86312,9.634906],[123.863121,9.634996],[123.863029,9.634997],[123.86303,9.635087],[123.863212,9.635087],[123.863212,9.634996],[123.863394,9.634996],[123.863394,9.634905],[123.863576,9.634905],[123.863576,9.634814],[123.863758,9.634814],[123.863758,9.634724],[123.864031,9.634723],[123.864031,9.634632],[123.864396,9.634632]]],[[[123.875058,9.634333],[123.875059,9.634786],[123.875241,9.634785],[123.875241,9.634875],[123.875332,9.634875],[123.875332,9.634694],[123.875241,9.634695],[123.87524,9.634423],[123.875149,9.634424],[123.875149,9.634333],[123.875058,9.634333]]],[[[123.874785,9.634696],[123.874786,9.634877],[123.874877,9.634876],[123.874876,9.634696],[123.874785,9.634696]]],[[[123.875789,9.635326],[123.875971,9.635326],[123.875971,9.635145],[123.87588,9.635145],[123.87588,9.635236],[123.875607,9.635236],[123.875607,9.635327],[123.875333,9.635327],[123.875334,9.635418],[123.875789,9.635417],[123.875789,9.635326]]],[[[123.874606,9.636053],[123.874789,9.636052],[123.874787,9.63551],[123.874696,9.63551],[123.874696,9.635691],[123.874605,9.635691],[123.874606,9.636053]]],[[[123.875783,9.668065],[123.875783,9.668155],[123.875965,9.668155],[123.875965,9.668064],[123.875783,9.668065]]],[[[123.875601,9.668156],[123.875601,9.668336],[123.87551,9.668337],[123.87551,9.668518],[123.875601,9.668517],[123.875601,9.668427],[123.875692,9.668427],[123.875692,9.668246],[123.875783,9.668246],[123.875783,9.668155],[123.875601,9.668156]]],[[[123.875419,9.668608],[123.875511,9.668608],[123.87551,9.668518],[123.875419,9.668518],[123.875419,9.668608]]],[[[123.875146,9.668699],[123.875146,9.66879],[123.875329,9.668789],[123.875328,9.668699],[123.87542,9.668699],[123.875419,9.668608],[123.875237,9.668609],[123.875237,9.668699],[123.875146,9.668699]]],[[[123.864593,9.676142],[123.864592,9.675961],[123.864501,9.675961],[123.864501,9.676142],[123.864593,9.676142]]],[[[123.86441,9.676142],[123.86441,9.676233],[123.864502,9.676233],[123.864501,9.676142],[123.86441,9.676142]]],[[[123.865142,9.677226],[123.865233,9.677226],[123.865233,9.677045],[123.865142,9.677045],[123.865142,9.677226]]],[[[123.865052,9.677588],[123.865143,9.677588],[123.865143,9.677678],[123.865234,9.677678],[123.865235,9.677768],[123.865326,9.677768],[123.865325,9.677587],[123.865234,9.677587],[123.865234,9.677497],[123.865143,9.677497],[123.865143,9.677407],[123.865052,9.677407],[123.865052,9.677588]]],[[[123.86487,9.677588],[123.86487,9.677679],[123.864961,9.677678],[123.864961,9.677588],[123.86487,9.677588]]],[[[123.864961,9.677769],[123.864962,9.67795],[123.865053,9.67795],[123.865052,9.677769],[123.864961,9.677769]]],[[[123.863596,9.678586],[123.863505,9.678587],[123.863505,9.678677],[123.863414,9.678677],[123.863415,9.678858],[123.863597,9.678858],[123.863596,9.678586]]],[[[123.876369,9.683347],[123.876278,9.683347],[123.876278,9.683438],[123.876369,9.683438],[123.876369,9.683347]]],[[[123.876187,9.683528],[123.876278,9.683528],[123.876278,9.683438],[123.876187,9.683438],[123.876187,9.683528]]],[[[123.876096,9.683529],[123.876096,9.683619],[123.876187,9.683619],[123.876187,9.683528],[123.876096,9.683529]]],[[[123.876005,9.68371],[123.876006,9.6838],[123.876097,9.6838],[123.876097,9.68371],[123.876005,9.68371]]],[[[123.876006,9.684072],[123.876006,9.683891],[123.875915,9.683891],[123.875915,9.684072],[123.876006,9.684072]]],[[[123.875734,9.684434],[123.875825,9.684434],[123.875824,9.684253],[123.875916,9.684253],[123.875915,9.684072],[123.875824,9.684072],[123.875824,9.684162],[123.875733,9.684163],[123.875734,9.684434]]],[[[123.875643,9.684525],[123.875734,9.684524],[123.875734,9.684434],[123.875643,9.684434],[123.875643,9.684525]]],[[[123.866989,9.686717],[123.866898,9.686717],[123.866899,9.686808],[123.86699,9.686808],[123.866989,9.686717]]],[[[123.867445,9.686806],[123.867263,9.686807],[123.867263,9.686897],[123.867172,9.686898],[123.867172,9.686988],[123.867446,9.686987],[123.867445,9.686806]]],[[[123.867081,9.686717],[123.867081,9.686807],[123.86699,9.686808],[123.86699,9.686898],[123.867172,9.686898],[123.867172,9.686807],[123.867263,9.686807],[123.867263,9.686716],[123.867081,9.686717]]],[[[123.867537,9.686987],[123.867628,9.686987],[123.867628,9.686896],[123.867537,9.686897],[123.867537,9.686987]]],[[[123.867903,9.687529],[123.867904,9.6878],[123.867995,9.6878],[123.867994,9.687529],[123.867903,9.687529]]],[[[123.865082,9.689164],[123.865173,9.689164],[123.865173,9.689073],[123.865355,9.689073],[123.865355,9.688982],[123.86499,9.688983],[123.86499,9.689074],[123.864899,9.689074],[123.8649,9.689255],[123.864808,9.689255],[123.864809,9.689345],[123.864717,9.689346],[123.864718,9.689617],[123.864809,9.689617],[123.86481,9.689798],[123.864901,9.689797],[123.864901,9.689888],[123.864992,9.689887],[123.864993,9.689978],[123.865084,9.689978],[123.865084,9.690068],[123.865357,9.690067],[123.865357,9.689977],[123.865448,9.689977],[123.865448,9.689796],[123.865539,9.689796],[123.865538,9.689253],[123.865446,9.689253],[123.865447,9.689344],[123.865356,9.689344],[123.865356,9.689434],[123.865173,9.689435],[123.865173,9.689344],[123.865082,9.689345],[123.865082,9.689164]]],[[[123.869641,9.690057],[123.869733,9.690056],[123.869732,9.689966],[123.869915,9.689965],[123.869914,9.689875],[123.870188,9.689874],[123.870187,9.689693],[123.870278,9.689693],[123.870278,9.689512],[123.870369,9.689512],[123.870369,9.689331],[123.870095,9.689332],[123.870095,9.689422],[123.870004,9.689423],[123.870005,9.689694],[123.869823,9.689694],[123.869823,9.689785],[123.869732,9.689785],[123.869732,9.689876],[123.86955,9.689876],[123.86955,9.689966],[123.869368,9.689967],[123.869368,9.690057],[123.869277,9.690058],[123.869277,9.690148],[123.869186,9.690148],[123.869186,9.690329],[123.869004,9.69033],[123.869004,9.69051],[123.868913,9.690511],[123.868914,9.690601],[123.869096,9.690601],[123.869096,9.69051],[123.869278,9.69051],[123.869278,9.690419],[123.869369,9.690419],[123.869369,9.690329],[123.86946,9.690328],[123.86946,9.690238],[123.869551,9.690238],[123.86955,9.690147],[123.869642,9.690147],[123.869641,9.690057]]],[[[123.868276,9.690784],[123.868276,9.690693],[123.868458,9.690693],[123.868458,9.690602],[123.868549,9.690602],[123.868549,9.690512],[123.868913,9.690511],[123.868913,9.69042],[123.868822,9.69042],[123.868822,9.69033],[123.868548,9.690331],[123.868549,9.690421],[123.868457,9.690421],[123.868458,9.690512],[123.868275,9.690512],[123.868276,9.690603],[123.868184,9.690603],[123.868185,9.690693],[123.868093,9.690694],[123.868094,9.690784],[123.868276,9.690784]]],[[[123.865728,9.692508],[123.865637,9.692509],[123.865638,9.692689],[123.865729,9.692689],[123.865728,9.692508]]],[[[123.865911,9.692779],[123.86582,9.692779],[123.86582,9.69287],[123.866094,9.692869],[123.866094,9.692779],[123.866276,9.692778],[123.866276,9.692688],[123.865911,9.692689],[123.865911,9.692779]]],[[[123.870104,9.692769],[123.870013,9.692769],[123.870013,9.692859],[123.870104,9.692859],[123.870104,9.692769]]],[[[123.870651,9.692948],[123.870651,9.692858],[123.870104,9.692859],[123.870105,9.692949],[123.870651,9.692948]]],[[[123.867189,9.693499],[123.86719,9.69368],[123.867281,9.69368],[123.867281,9.693771],[123.867554,9.69377],[123.867554,9.693679],[123.868283,9.693678],[123.868283,9.693587],[123.868192,9.693587],[123.868192,9.693497],[123.867554,9.693499],[123.867554,9.693589],[123.867372,9.693589],[123.867371,9.693499],[123.867189,9.693499]]],[[[123.869196,9.694127],[123.869196,9.694129],[123.869287,9.694159],[123.869287,9.694127],[123.869196,9.694127]]],[[[123.868923,9.694128],[123.868923,9.694207],[123.869105,9.694143],[123.868923,9.694128]]],[[[123.869835,9.694397],[123.869835,9.694488],[123.869791,9.694488],[123.869871,9.694578],[123.870109,9.694577],[123.870109,9.694487],[123.870274,9.694486],[123.870291,9.694396],[123.870382,9.694396],[123.870382,9.694305],[123.870655,9.694305],[123.870655,9.694214],[123.87029,9.694215],[123.87029,9.694306],[123.870108,9.694306],[123.870108,9.694396],[123.869835,9.694397]]],[[[123.870746,9.694395],[123.870838,9.694444],[123.870838,9.694395],[123.870746,9.694395]]],[[[123.868377,9.69462],[123.868406,9.694582],[123.868377,9.694582],[123.868377,9.69462]]],[[[123.868468,9.694498],[123.868473,9.694491],[123.868468,9.694491],[123.868468,9.694498]]],[[[123.871385,9.694664],[123.871385,9.694755],[123.871476,9.694755],[123.871476,9.694664],[123.871385,9.694664]]],[[[123.868286,9.694742],[123.868338,9.694672],[123.868286,9.694672],[123.868286,9.694742]]],[[[123.871568,9.694754],[123.871476,9.694755],[123.871477,9.694845],[123.871386,9.694845],[123.871386,9.694887],[123.871411,9.694936],[123.871568,9.694935],[123.871568,9.694754]]],[[[123.868104,9.694763],[123.868104,9.694944],[123.868136,9.694944],[123.868271,9.694763],[123.868104,9.694763]]],[[[123.871659,9.695026],[123.871659,9.694935],[123.871568,9.694935],[123.871568,9.695026],[123.871659,9.695026]]],[[[123.867922,9.695035],[123.867922,9.694945],[123.867831,9.694945],[123.867831,9.695035],[123.867922,9.695035]]],[[[123.87166,9.695116],[123.871751,9.695116],[123.871751,9.695025],[123.871659,9.695026],[123.87166,9.695116]]],[[[123.867558,9.695126],[123.867467,9.695133],[123.867831,9.695126],[123.867831,9.695035],[123.867558,9.695036],[123.867558,9.695126]]],[[[123.874579,9.695922],[123.874487,9.695923],[123.874487,9.695832],[123.874396,9.695833],[123.874396,9.695742],[123.874305,9.695742],[123.874304,9.695652],[123.873849,9.695653],[123.873849,9.695563],[123.873666,9.695563],[123.873666,9.695473],[123.873119,9.695474],[123.873119,9.695564],[123.873028,9.695565],[123.873028,9.695655],[123.872937,9.695655],[123.872938,9.695836],[123.872847,9.695836],[123.872847,9.696017],[123.872756,9.696018],[123.872756,9.696108],[123.872574,9.696108],[123.872574,9.696018],[123.872391,9.696018],[123.872391,9.695928],[123.8723,9.695928],[123.8723,9.695838],[123.872208,9.695838],[123.872208,9.695657],[123.872299,9.695657],[123.872298,9.695295],[123.872207,9.695295],[123.872207,9.695115],[123.872115,9.695115],[123.872115,9.695024],[123.872024,9.695025],[123.872024,9.694934],[123.871933,9.694934],[123.871932,9.694573],[123.872023,9.694572],[123.872023,9.694482],[123.871932,9.694482],[123.871931,9.694392],[123.871749,9.694392],[123.871749,9.694211],[123.871657,9.694212],[123.871657,9.694121],[123.871384,9.694122],[123.871383,9.694031],[123.87111,9.694032],[123.87111,9.693942],[123.871019,9.693942],[123.871018,9.693851],[123.870289,9.693853],[123.870289,9.693944],[123.870107,9.693944],[123.870107,9.694035],[123.869743,9.694036],[123.869743,9.693945],[123.86956,9.693946],[123.86956,9.693855],[123.869469,9.693855],[123.869469,9.693765],[123.868922,9.693766],[123.868922,9.693857],[123.86874,9.693857],[123.86874,9.693948],[123.868649,9.693948],[123.868649,9.694038],[123.868922,9.694038],[123.868922,9.693947],[123.869287,9.693946],[123.869287,9.694037],[123.86956,9.694036],[123.869561,9.694126],[123.869652,9.694126],[123.869652,9.694217],[123.870108,9.694216],[123.870108,9.694125],[123.870381,9.694124],[123.870381,9.694034],[123.870745,9.694033],[123.870746,9.694123],[123.870928,9.694123],[123.870928,9.694213],[123.871019,9.694213],[123.87102,9.694304],[123.871293,9.694303],[123.871293,9.694393],[123.871384,9.694393],[123.871385,9.694484],[123.871476,9.694483],[123.871476,9.694574],[123.871567,9.694574],[123.871567,9.694664],[123.871659,9.694664],[123.871659,9.694754],[123.87175,9.694754],[123.87175,9.694844],[123.871841,9.694844],[123.871842,9.695025],[123.871933,9.695025],[123.871933,9.695206],[123.872025,9.695205],[123.872025,9.695477],[123.872116,9.695477],[123.872117,9.695657],[123.872026,9.695658],[123.872027,9.696019],[123.872118,9.696019],[123.872118,9.696102],[123.8723,9.696109],[123.8723,9.696149],[123.872757,9.696264],[123.872756,9.696198],[123.872847,9.696198],[123.872847,9.696108],[123.87303,9.696107],[123.873029,9.696017],[123.873212,9.696016],[123.873211,9.695926],[123.873303,9.695926],[123.873302,9.695835],[123.873485,9.695835],[123.873485,9.695925],[123.873758,9.695925],[123.873759,9.696015],[123.874123,9.696014],[123.874123,9.696105],[123.874215,9.696104],[123.874215,9.696195],[123.874306,9.696194],[123.874306,9.696375],[123.874398,9.696375],[123.874398,9.696442],[123.874489,9.696465],[123.874489,9.69652],[123.874524,9.696556],[123.874671,9.696555],[123.874672,9.696646],[123.874763,9.696646],[123.874763,9.696736],[123.874945,9.696735],[123.874945,9.696645],[123.875036,9.696645],[123.875036,9.696554],[123.874945,9.696555],[123.874945,9.696464],[123.874854,9.696464],[123.874853,9.696374],[123.874762,9.696374],[123.874762,9.696284],[123.874671,9.696284],[123.87467,9.696194],[123.874579,9.696194],[123.874579,9.695922]]],[[[123.871751,9.695297],[123.871842,9.695296],[123.871842,9.695206],[123.871751,9.695206],[123.871751,9.695297]]],[[[123.871687,9.695478],[123.871752,9.695604],[123.871752,9.695477],[123.871687,9.695478]]],[[[123.875403,9.697442],[123.875364,9.697548],[123.875403,9.697548],[123.875403,9.697442]]],[[[123.875311,9.697096],[123.875311,9.697187],[123.875285,9.697187],[123.875402,9.697262],[123.875402,9.697096],[123.875311,9.697096]]],[[[123.875314,9.698105],[123.87545,9.69813],[123.875671,9.698],[123.875313,9.698001],[123.875314,9.698105]]],[[[123.877228,9.698358],[123.87732,9.698357],[123.877319,9.698176],[123.87741,9.698176],[123.87741,9.698086],[123.877501,9.698086],[123.877501,9.697905],[123.877774,9.697904],[123.877774,9.697814],[123.87823,9.697812],[123.878229,9.697722],[123.878138,9.697722],[123.878138,9.697541],[123.877864,9.697542],[123.877865,9.697632],[123.877591,9.697633],[123.877591,9.697724],[123.877409,9.697724],[123.877409,9.697814],[123.877318,9.697815],[123.877318,9.697905],[123.877227,9.697905],[123.877227,9.697996],[123.877136,9.697996],[123.877137,9.698177],[123.877046,9.698177],[123.877046,9.698358],[123.876955,9.698358],[123.876955,9.698449],[123.876773,9.698449],[123.876773,9.69854],[123.876591,9.69854],[123.876592,9.698902],[123.876683,9.698902],[123.876683,9.698811],[123.876865,9.698811],[123.876865,9.69872],[123.876956,9.69872],[123.876956,9.69863],[123.877138,9.698629],[123.877138,9.698539],[123.877229,9.698538],[123.877228,9.698358]]],[[[123.875495,9.697638],[123.875403,9.697639],[123.875404,9.69782],[123.875586,9.697819],[123.875586,9.697729],[123.876042,9.697727],[123.876042,9.697818],[123.876133,9.697818],[123.876177,9.697998],[123.876225,9.697998],[123.876234,9.698179],[123.876316,9.698179],[123.876317,9.69836],[123.876408,9.69836],[123.876408,9.69854],[123.876317,9.698541],[123.876318,9.698631],[123.876226,9.698656],[123.876227,9.698812],[123.876074,9.698813],[123.876045,9.698843],[123.876045,9.698994],[123.876136,9.698993],[123.876136,9.698903],[123.876318,9.698902],[123.876318,9.698722],[123.876409,9.698721],[123.876409,9.698631],[123.8765,9.698631],[123.8765,9.69854],[123.876591,9.69854],[123.87659,9.698178],[123.876499,9.698179],[123.876498,9.697907],[123.876407,9.697907],[123.876406,9.697727],[123.876315,9.697727],[123.876315,9.697636],[123.876224,9.697637],[123.876224,9.697546],[123.875494,9.697548],[123.875495,9.697638]]],[[[123.877774,9.697994],[123.877775,9.698085],[123.877592,9.698085],[123.877592,9.698176],[123.877501,9.698176],[123.877502,9.698266],[123.877593,9.698266],[123.877593,9.698361],[123.878139,9.698059],[123.878139,9.697993],[123.877774,9.697994]]],[[[123.877321,9.698809],[123.877352,9.698719],[123.87732,9.698719],[123.877321,9.698809]]],[[[123.87723,9.69881],[123.877229,9.698719],[123.877138,9.69872],[123.877139,9.6989],[123.877244,9.6989],[123.87731,9.69884],[123.877321,9.698809],[123.87723,9.69881]]],[[[123.884604,9.625627],[123.884513,9.625627],[123.884513,9.625718],[123.884149,9.625719],[123.884148,9.625628],[123.883146,9.625631],[123.883146,9.625721],[123.882964,9.625722],[123.882964,9.625812],[123.882691,9.625813],[123.882691,9.625994],[123.883238,9.625992],[123.883238,9.625902],[123.884058,9.6259],[123.884058,9.625809],[123.885123,9.625807],[123.88513,9.62557],[123.88497,9.62558],[123.884951,9.625536],[123.884604,9.625537],[123.884604,9.625627]]],[[[123.881234,9.62645],[123.881508,9.626449],[123.881507,9.626358],[123.881234,9.626359],[123.881234,9.62645]]],[[[123.879869,9.627086],[123.87996,9.627086],[123.87996,9.626995],[123.880142,9.626995],[123.880142,9.626814],[123.879959,9.626815],[123.87996,9.626905],[123.879777,9.626905],[123.879778,9.626996],[123.879595,9.626996],[123.879595,9.627087],[123.879322,9.627087],[123.879322,9.627178],[123.87914,9.627178],[123.87914,9.627269],[123.878867,9.62727],[123.878867,9.62736],[123.878685,9.62736],[123.878685,9.627451],[123.878594,9.627451],[123.878594,9.627542],[123.878868,9.627541],[123.878867,9.62745],[123.879141,9.62745],[123.879141,9.627359],[123.879505,9.627358],[123.879505,9.627268],[123.879687,9.627267],[123.879687,9.627177],[123.879856,9.627177],[123.879869,9.627086]]],[[[123.883256,9.632865],[123.883256,9.632956],[123.883347,9.632956],[123.883347,9.632865],[123.883256,9.632865]]],[[[123.88353,9.633136],[123.883621,9.633136],[123.883621,9.633045],[123.88353,9.633046],[123.88353,9.633136]]],[[[123.883712,9.633226],[123.883804,9.633226],[123.883803,9.633135],[123.883712,9.633136],[123.883712,9.633226]]],[[[123.881436,9.633955],[123.881527,9.633955],[123.881527,9.633774],[123.881618,9.633774],[123.881618,9.633684],[123.881709,9.633683],[123.881708,9.633593],[123.881891,9.633592],[123.88189,9.633502],[123.881982,9.633502],[123.881981,9.633411],[123.882072,9.633411],[123.882072,9.633321],[123.882163,9.63332],[123.882163,9.63323],[123.882254,9.63323],[123.882254,9.633139],[123.882345,9.633139],[123.882345,9.633049],[123.882436,9.633048],[123.882436,9.632958],[123.882618,9.632957],[123.882618,9.632867],[123.882709,9.632867],[123.882709,9.632776],[123.882891,9.632776],[123.882891,9.632685],[123.882617,9.632686],[123.882618,9.632777],[123.882435,9.632777],[123.882436,9.632868],[123.882253,9.632868],[123.882254,9.633049],[123.882163,9.633049],[123.882163,9.63314],[123.882072,9.63314],[123.882072,9.63323],[123.881981,9.63323],[123.881981,9.633321],[123.88189,9.633321],[123.88189,9.633412],[123.881708,9.633412],[123.881708,9.633502],[123.881617,9.633503],[123.881617,9.633593],[123.881526,9.633593],[123.881526,9.633684],[123.881435,9.633684],[123.881436,9.633865],[123.881345,9.633865],[123.881345,9.633956],[123.881254,9.633956],[123.881254,9.634046],[123.881163,9.634046],[123.881163,9.634137],[123.881072,9.634137],[123.881072,9.634228],[123.88089,9.634228],[123.88089,9.634318],[123.880799,9.634319],[123.880799,9.634409],[123.880708,9.634409],[123.880708,9.6345],[123.880526,9.6345],[123.880526,9.634591],[123.880344,9.634591],[123.880344,9.634772],[123.880709,9.634771],[123.880709,9.634681],[123.880891,9.63468],[123.88089,9.634409],[123.881073,9.634408],[123.881072,9.634318],[123.881255,9.634318],[123.881254,9.634137],[123.881345,9.634136],[123.881345,9.634046],[123.881436,9.634046],[123.881436,9.633955]]],[[[123.884809,9.634308],[123.884809,9.634218],[123.884626,9.634218],[123.884626,9.634038],[123.884535,9.634038],[123.884534,9.633947],[123.884443,9.633948],[123.884443,9.633857],[123.884352,9.633857],[123.884352,9.633948],[123.884261,9.633948],[123.884261,9.634039],[123.88417,9.634039],[123.88417,9.634129],[123.884535,9.634128],[123.884535,9.634309],[123.884809,9.634308]]],[[[123.885265,9.634398],[123.885356,9.634397],[123.885356,9.634307],[123.885173,9.634308],[123.885175,9.63476],[123.885266,9.634759],[123.885265,9.634398]]],[[[123.880345,9.635043],[123.880345,9.635134],[123.880528,9.635133],[123.880527,9.635043],[123.880345,9.635043]]],[[[123.880804,9.636399],[123.880805,9.636489],[123.880987,9.636489],[123.880987,9.636579],[123.881169,9.636579],[123.88117,9.636669],[123.881261,9.636669],[123.88126,9.636578],[123.881352,9.636578],[123.881351,9.636488],[123.881443,9.636488],[123.881442,9.636397],[123.881351,9.636397],[123.881351,9.636307],[123.88126,9.636307],[123.88126,9.636217],[123.881077,9.636217],[123.881077,9.636127],[123.880895,9.636127],[123.880895,9.636037],[123.880712,9.636037],[123.880712,9.635947],[123.880803,9.635947],[123.880802,9.635675],[123.880894,9.635675],[123.880893,9.635404],[123.880984,9.635403],[123.880984,9.635313],[123.881166,9.635313],[123.881166,9.635222],[123.881257,9.635222],[123.881257,9.635131],[123.881166,9.635132],[123.881165,9.634951],[123.880983,9.634951],[123.880983,9.634861],[123.880709,9.634862],[123.88071,9.635133],[123.880528,9.635133],[123.880528,9.635224],[123.88071,9.635223],[123.880711,9.635404],[123.880619,9.635404],[123.880621,9.636037],[123.88053,9.636038],[123.880531,9.636309],[123.880622,9.636309],[123.880622,9.636399],[123.880804,9.636399]]],[[[123.884269,9.637113],[123.884269,9.636933],[123.88436,9.636932],[123.88436,9.636842],[123.884451,9.636842],[123.88445,9.63657],[123.884541,9.63657],[123.884541,9.636389],[123.884632,9.636389],[123.884631,9.636118],[123.884722,9.636117],[123.884722,9.636027],[123.884813,9.636027],[123.884813,9.635936],[123.884904,9.635936],[123.884904,9.635755],[123.884995,9.635755],[123.884995,9.635665],[123.885086,9.635664],[123.885086,9.635574],[123.885177,9.635574],[123.885176,9.635302],[123.885267,9.635302],[123.885266,9.635031],[123.885175,9.635031],[123.885175,9.635121],[123.884902,9.635122],[123.884902,9.635032],[123.884811,9.635032],[123.88481,9.634942],[123.884719,9.634942],[123.884719,9.634851],[123.884537,9.634852],[123.884537,9.634761],[123.884354,9.634762],[123.884354,9.634581],[123.884445,9.634581],[123.884445,9.63449],[123.884536,9.63449],[123.884536,9.6344],[123.884445,9.6344],[123.884444,9.634309],[123.884353,9.63431],[123.884353,9.6344],[123.884262,9.6344],[123.884264,9.635033],[123.884173,9.635034],[123.884173,9.635214],[123.884082,9.635215],[123.884083,9.635396],[123.883991,9.635396],[123.883992,9.635577],[123.883901,9.635577],[123.883901,9.635758],[123.88381,9.635758],[123.883811,9.635939],[123.883719,9.635939],[123.88372,9.63612],[123.883629,9.63612],[123.883631,9.636844],[123.88354,9.636844],[123.88354,9.637025],[123.883449,9.637025],[123.883449,9.637115],[123.883358,9.637116],[123.883358,9.637206],[123.883267,9.637206],[123.883267,9.637297],[123.883176,9.637297],[123.883176,9.637388],[123.882903,9.637388],[123.882903,9.637298],[123.882721,9.637298],[123.88272,9.637208],[123.882538,9.637208],[123.882538,9.637118],[123.882447,9.637118],[123.882446,9.637028],[123.882355,9.637028],[123.882355,9.636937],[123.882264,9.636938],[123.882264,9.636847],[123.882173,9.636847],[123.882172,9.636757],[123.882081,9.636757],[123.882081,9.636848],[123.88199,9.636848],[123.88199,9.636938],[123.882082,9.636938],[123.882082,9.637119],[123.882173,9.637119],[123.882173,9.637209],[123.882265,9.637209],[123.882265,9.637299],[123.882447,9.637299],[123.882447,9.637389],[123.882721,9.637389],[123.882721,9.637479],[123.882812,9.637479],[123.882812,9.637569],[123.883086,9.637569],[123.883086,9.637659],[123.883177,9.637659],[123.883177,9.637749],[123.883268,9.637749],[123.883269,9.637839],[123.883633,9.637839],[123.883633,9.637748],[123.883724,9.637748],[123.883724,9.637657],[123.883815,9.637657],[123.883815,9.637476],[123.883906,9.637476],[123.883905,9.637386],[123.883997,9.637385],[123.883996,9.637295],[123.884088,9.637295],[123.884087,9.637204],[123.884178,9.637204],[123.884178,9.637114],[123.884269,9.637113]]],[[[123.882635,9.63965],[123.882635,9.639559],[123.882909,9.639559],[123.882907,9.639107],[123.882999,9.639106],[123.882998,9.639016],[123.88309,9.639016],[123.883089,9.638835],[123.88318,9.638834],[123.88318,9.638744],[123.883271,9.638744],[123.883269,9.638111],[123.883178,9.638111],[123.883178,9.638021],[123.882905,9.638021],[123.882905,9.638112],[123.882814,9.638112],[123.882814,9.638202],[123.882723,9.638203],[123.882723,9.638293],[123.882632,9.638293],[123.882632,9.638384],[123.882541,9.638384],[123.882541,9.638474],[123.88245,9.638475],[123.88245,9.638565],[123.882359,9.638565],[123.88236,9.638656],[123.882268,9.638656],[123.882269,9.638746],[123.882177,9.638747],[123.882178,9.638837],[123.881995,9.638838],[123.881996,9.638928],[123.881905,9.638928],[123.881905,9.639019],[123.881722,9.639019],[123.881723,9.63911],[123.881814,9.639109],[123.881815,9.639471],[123.881724,9.639471],[123.881724,9.639562],[123.881633,9.639562],[123.881633,9.639652],[123.881451,9.639653],[123.88145,9.639562],[123.881177,9.639563],[123.881177,9.639473],[123.881086,9.639473],[123.881085,9.639292],[123.880994,9.639292],[123.880994,9.639202],[123.880903,9.639202],[123.880903,9.639112],[123.880811,9.639112],[123.880811,9.639021],[123.88072,9.639022],[123.88072,9.638931],[123.880629,9.638931],[123.880628,9.638841],[123.880537,9.638841],[123.880537,9.638751],[123.880446,9.638751],[123.880446,9.638661],[123.880355,9.638661],[123.880354,9.63857],[123.880263,9.638571],[123.880263,9.63848],[123.880172,9.63848],[123.880171,9.6383],[123.88008,9.6383],[123.88008,9.638119],[123.879989,9.638119],[123.879988,9.637938],[123.879897,9.637939],[123.879897,9.637758],[123.879805,9.637758],[123.879805,9.637487],[123.879714,9.637487],[123.879712,9.636944],[123.879803,9.636944],[123.879803,9.636854],[123.879894,9.636853],[123.879894,9.636763],[123.879985,9.636763],[123.879985,9.636582],[123.879893,9.636582],[123.879893,9.636492],[123.879711,9.636492],[123.87971,9.636221],[123.880075,9.63622],[123.880074,9.635948],[123.879892,9.635949],[123.87989,9.635406],[123.879982,9.635406],[123.879981,9.635225],[123.880163,9.635225],[123.880163,9.635134],[123.87989,9.635135],[123.87989,9.635316],[123.879799,9.635316],[123.879799,9.635407],[123.879708,9.635407],[123.879709,9.635588],[123.879617,9.635588],[123.879618,9.635769],[123.879527,9.635769],[123.879527,9.63595],[123.879436,9.63595],[123.879437,9.636131],[123.879345,9.636131],[123.879346,9.636402],[123.879528,9.636402],[123.879529,9.636492],[123.87962,9.636492],[123.87962,9.636583],[123.879711,9.636582],[123.879712,9.636763],[123.879621,9.636764],[123.879621,9.636944],[123.87953,9.636945],[123.87953,9.637126],[123.879439,9.637126],[123.87944,9.637307],[123.879349,9.637307],[123.879349,9.637488],[123.879258,9.637488],[123.879259,9.637759],[123.879167,9.637759],[123.879168,9.638121],[123.879077,9.638121],[123.879078,9.638393],[123.879169,9.638393],[123.87917,9.638573],[123.879261,9.638573],[123.879261,9.638754],[123.879352,9.638754],[123.879353,9.638844],[123.879444,9.638844],[123.879444,9.638934],[123.879535,9.638934],[123.879535,9.639025],[123.879626,9.639024],[123.879627,9.639115],[123.879718,9.639115],[123.879718,9.639205],[123.879809,9.639205],[123.87981,9.639386],[123.879901,9.639386],[123.879901,9.639476],[123.879992,9.639476],[123.879992,9.639566],[123.880083,9.639566],[123.880084,9.639747],[123.880175,9.639747],[123.880175,9.639837],[123.880266,9.639837],[123.880267,9.640018],[123.880358,9.640017],[123.880358,9.640108],[123.880449,9.640108],[123.88045,9.640198],[123.880541,9.640198],[123.880541,9.640288],[123.880632,9.640288],[123.880632,9.640378],[123.880815,9.640378],[123.880815,9.640468],[123.881362,9.640467],[123.881361,9.640377],[123.881635,9.640376],[123.881634,9.640105],[123.881725,9.640104],[123.881725,9.640014],[123.881816,9.640014],[123.881816,9.639923],[123.881998,9.639923],[123.881998,9.639832],[123.88218,9.639832],[123.88218,9.639741],[123.882362,9.639741],[123.882362,9.639651],[123.882635,9.63965]]],[[[123.882084,9.638023],[123.882267,9.638023],[123.882266,9.637752],[123.882175,9.637752],[123.882175,9.637842],[123.881811,9.637843],[123.881811,9.637934],[123.88172,9.637934],[123.88172,9.638024],[123.881629,9.638025],[123.881629,9.638205],[123.881538,9.638206],[123.881538,9.638296],[123.881447,9.638296],[123.881448,9.638477],[123.88163,9.638477],[123.88163,9.638386],[123.881721,9.638386],[123.881721,9.638296],[123.881903,9.638295],[123.881903,9.638205],[123.881994,9.638204],[123.881994,9.638114],[123.882085,9.638114],[123.882084,9.638023]]],[[[123.881175,9.638659],[123.881357,9.638658],[123.881357,9.638568],[123.881448,9.638568],[123.881448,9.638477],[123.881174,9.638478],[123.881175,9.638659]]],[[[123.885645,9.640366],[123.885645,9.640456],[123.885736,9.640456],[123.885736,9.640365],[123.885645,9.640366]]],[[[123.885827,9.640456],[123.885736,9.640456],[123.885737,9.640637],[123.885828,9.640636],[123.885827,9.640456]]],[[[123.880761,9.654848],[123.880761,9.654939],[123.880852,9.654938],[123.880852,9.654848],[123.880761,9.654848]]],[[[123.882689,9.660269],[123.882689,9.66036],[123.882872,9.660359],[123.882871,9.660269],[123.882689,9.660269]]],[[[123.883157,9.665061],[123.883157,9.664971],[123.883248,9.664971],[123.883248,9.664699],[123.883065,9.6647],[123.883066,9.665062],[123.883157,9.665061]]],[[[123.882793,9.665243],[123.882884,9.665243],[123.882884,9.665062],[123.882793,9.665062],[123.882793,9.665243]]],[[[123.881611,9.666151],[123.881611,9.666241],[123.881702,9.666241],[123.881702,9.66615],[123.881611,9.666151]]],[[[123.881429,9.666242],[123.881428,9.666151],[123.881246,9.666152],[123.881246,9.666242],[123.881429,9.666242]]],[[[123.882979,9.666509],[123.882979,9.666599],[123.88307,9.666599],[123.88307,9.666509],[123.882979,9.666509]]],[[[123.889106,9.674271],[123.88865,9.674272],[123.88865,9.674362],[123.888559,9.674363],[123.888559,9.674453],[123.888742,9.674452],[123.888741,9.674362],[123.889106,9.674361],[123.889106,9.674271]]],[[[123.885568,9.68061],[123.885568,9.680701],[123.885659,9.680701],[123.885659,9.68061],[123.885568,9.68061]]],[[[123.885659,9.680791],[123.885751,9.680791],[123.88575,9.6807],[123.885659,9.680701],[123.885659,9.680791]]],[[[123.885751,9.680881],[123.885842,9.680881],[123.885842,9.680791],[123.885751,9.680791],[123.885751,9.680881]]],[[[123.888493,9.684039],[123.888402,9.68404],[123.888403,9.68413],[123.888494,9.68413],[123.888493,9.684039]]],[[[123.888585,9.68413],[123.888494,9.68413],[123.888494,9.684401],[123.888586,9.684401],[123.888585,9.68413]]],[[[123.888222,9.684673],[123.888131,9.684673],[123.888131,9.685035],[123.888223,9.685035],[123.888222,9.684673]]],[[[123.88804,9.685035],[123.888041,9.685216],[123.888132,9.685216],[123.888131,9.685035],[123.88804,9.685035]]],[[[123.888314,9.685216],[123.888315,9.685306],[123.888406,9.685306],[123.888405,9.685215],[123.888314,9.685216]]],[[[123.888041,9.685307],[123.888041,9.685216],[123.887859,9.685217],[123.887859,9.685398],[123.88795,9.685397],[123.88795,9.685307],[123.888041,9.685307]]],[[[123.887768,9.685398],[123.887768,9.685488],[123.887677,9.685489],[123.887678,9.68576],[123.887587,9.68576],[123.887587,9.686031],[123.887678,9.686031],[123.887679,9.686122],[123.88777,9.686121],[123.887768,9.685579],[123.887859,9.685579],[123.887859,9.685398],[123.887768,9.685398]]],[[[123.888498,9.685939],[123.88859,9.685938],[123.888589,9.685848],[123.888498,9.685848],[123.888498,9.685939]]],[[[123.888499,9.6863],[123.888499,9.68621],[123.887952,9.686211],[123.887953,9.686302],[123.888499,9.6863]]],[[[123.888604,9.691274],[123.888603,9.691184],[123.888877,9.691183],[123.888877,9.691093],[123.888421,9.691094],[123.888421,9.691275],[123.888604,9.691274]]],[[[123.887789,9.693356],[123.887789,9.693447],[123.88788,9.693446],[123.88788,9.693356],[123.887789,9.693356]]],[[[123.888792,9.693444],[123.888701,9.693444],[123.888701,9.693535],[123.88861,9.693535],[123.88861,9.693625],[123.888792,9.693625],[123.888792,9.693444]]],[[[123.888519,9.693716],[123.88861,9.693716],[123.88861,9.693625],[123.888519,9.693626],[123.888519,9.693716]]],[[[123.8877,9.69417],[123.887791,9.69417],[123.887791,9.69408],[123.887608,9.69408],[123.887609,9.694261],[123.8877,9.694261],[123.8877,9.69417]]],[[[123.88059,9.694098],[123.88059,9.694008],[123.880498,9.694008],[123.880499,9.694099],[123.880316,9.694099],[123.880317,9.694189],[123.880225,9.69419],[123.880226,9.69428],[123.880135,9.69428],[123.880135,9.694371],[123.880044,9.694371],[123.880044,9.694552],[123.880135,9.694552],[123.880135,9.694461],[123.880226,9.694461],[123.880226,9.694551],[123.880318,9.694551],[123.880317,9.694461],[123.8805,9.69446],[123.880499,9.69437],[123.880682,9.694369],[123.880681,9.694279],[123.881137,9.694278],[123.881137,9.694368],[123.881229,9.694368],[123.881229,9.69465],[123.881321,9.694739],[123.881412,9.694729],[123.88141,9.694187],[123.881228,9.694187],[123.881228,9.694097],[123.881137,9.694097],[123.881137,9.694187],[123.880864,9.694188],[123.880863,9.694098],[123.88059,9.694098]]],[[[123.880592,9.695003],[123.880592,9.694912],[123.880683,9.694912],[123.880683,9.694731],[123.880774,9.694731],[123.880773,9.69455],[123.880591,9.694551],[123.880591,9.694641],[123.8805,9.694641],[123.880501,9.695003],[123.880592,9.695003]]],[[[123.879954,9.694914],[123.879863,9.694914],[123.879863,9.695005],[123.879954,9.695004],[123.879954,9.694914]]],[[[123.88169,9.6951],[123.881706,9.69509],[123.881686,9.69509],[123.88169,9.6951]]],[[[123.881868,9.694909],[123.881868,9.694995],[123.881959,9.694942],[123.881959,9.694909],[123.881868,9.694909]]],[[[123.881777,9.695049],[123.881861,9.694999],[123.881777,9.695],[123.881777,9.695049]]],[[[123.879772,9.695005],[123.879772,9.695186],[123.879863,9.695185],[123.879863,9.695005],[123.879772,9.695005]]],[[[123.879045,9.695821],[123.879136,9.69582],[123.879136,9.696001],[123.879228,9.696001],[123.879227,9.69582],[123.879318,9.69582],[123.879318,9.695729],[123.8795,9.695729],[123.8795,9.695639],[123.879591,9.695638],[123.879591,9.695548],[123.879682,9.695548],[123.879682,9.695457],[123.879773,9.695457],[123.879772,9.695186],[123.879681,9.695186],[123.879682,9.695367],[123.879317,9.695368],[123.879317,9.695458],[123.879135,9.695459],[123.879135,9.695549],[123.879044,9.695549],[123.879045,9.69573],[123.878953,9.69573],[123.878954,9.695911],[123.879045,9.695911],[123.879045,9.695821]]],[[[123.88002,9.69618],[123.879957,9.696128],[123.879957,9.69618],[123.88002,9.69618]]],[[[123.879867,9.696468],[123.88001,9.69641],[123.880017,9.696361],[123.879867,9.696361],[123.879867,9.696468]]],[[[123.880501,9.695081],[123.880501,9.695003],[123.880319,9.695003],[123.880319,9.695184],[123.880228,9.695185],[123.880228,9.695282],[123.88041,9.695148],[123.88041,9.695094],[123.880501,9.695081]]],[[[123.87936,9.696091],[123.879319,9.696091],[123.879319,9.696182],[123.879427,9.696181],[123.87936,9.696091]]],[[[123.879228,9.696272],[123.879319,9.696272],[123.879319,9.696182],[123.879228,9.696182],[123.879228,9.696272]]],[[[123.879228,9.696363],[123.879229,9.696544],[123.87932,9.696543],[123.87932,9.696453],[123.879411,9.696453],[123.879411,9.696272],[123.879319,9.696272],[123.87932,9.696363],[123.879228,9.696363]]],[[[123.879502,9.696453],[123.879411,9.696453],[123.879412,9.696724],[123.879503,9.696724],[123.879502,9.696453]]],[[[123.879685,9.696548],[123.879688,9.696542],[123.879685,9.696542],[123.879685,9.696548]]],[[[123.880595,9.696902],[123.880506,9.696841],[123.880506,9.696902],[123.880595,9.696902]]],[[[123.880689,9.696992],[123.88069,9.696992],[123.880597,9.696904],[123.880597,9.696992],[123.880689,9.696992]]],[[[123.879868,9.697085],[123.879777,9.697085],[123.879778,9.697175],[123.87996,9.697175],[123.87996,9.697084],[123.880142,9.697084],[123.880142,9.696993],[123.880233,9.696993],[123.880233,9.697084],[123.880324,9.697083],[123.880324,9.696903],[123.880223,9.696903],[123.88005,9.696972],[123.88005,9.696994],[123.879868,9.696994],[123.879868,9.697085]]],[[[123.87996,9.697265],[123.87996,9.697356],[123.879596,9.697357],[123.879595,9.697266],[123.879413,9.697267],[123.879413,9.697176],[123.878957,9.697177],[123.878957,9.697268],[123.878866,9.697268],[123.878866,9.697359],[123.878775,9.697359],[123.878776,9.69754],[123.878958,9.697539],[123.878958,9.697449],[123.879596,9.697447],[123.879596,9.697538],[123.87987,9.697537],[123.879869,9.697446],[123.880052,9.697446],[123.880051,9.697355],[123.880234,9.697355],[123.880234,9.697265],[123.880416,9.697264],[123.880416,9.697174],[123.880142,9.697174],[123.880142,9.697265],[123.87996,9.697265]]],[[[123.880689,9.697354],[123.880598,9.697354],[123.880599,9.697416],[123.88078,9.69743],[123.880756,9.697263],[123.880689,9.697263],[123.880689,9.697354]]],[[[123.892865,9.682581],[123.892865,9.682762],[123.892956,9.682762],[123.892956,9.682581],[123.892865,9.682581]]],[[[123.890779,9.686475],[123.890779,9.686566],[123.89087,9.686566],[123.89087,9.686475],[123.890779,9.686475]]],[[[123.89087,9.686746],[123.890962,9.686746],[123.890961,9.686565],[123.89087,9.686566],[123.89087,9.686746]]],[[[123.891054,9.687289],[123.891053,9.686746],[123.890962,9.686746],[123.890963,9.687289],[123.891054,9.687289]]],[[[123.891144,9.686655],[123.891235,9.686655],[123.891236,9.687017],[123.891327,9.687017],[123.891327,9.687197],[123.891236,9.687198],[123.891237,9.687469],[123.891146,9.687469],[123.891146,9.68765],[123.891237,9.68765],[123.891237,9.687559],[123.891328,9.687559],[123.891328,9.687288],[123.891419,9.687288],[123.891418,9.686926],[123.891327,9.686926],[123.891326,9.686564],[123.891235,9.686565],[123.891234,9.686474],[123.891143,9.686474],[123.891144,9.686655]]],[[[123.890872,9.687379],[123.890872,9.68747],[123.890963,9.68747],[123.890963,9.687379],[123.890872,9.687379]]],[[[123.893527,9.691623],[123.893618,9.691623],[123.893618,9.691532],[123.893526,9.691533],[123.893527,9.691623]]],[[[123.893435,9.691623],[123.893344,9.691624],[123.893345,9.691714],[123.893436,9.691714],[123.893435,9.691623]]],[[[123.893253,9.691714],[123.893254,9.692076],[123.893346,9.692076],[123.893345,9.691714],[123.893253,9.691714]]],[[[123.893255,9.692438],[123.893346,9.692437],[123.893346,9.692257],[123.893255,9.692257],[123.893255,9.692438]]],[[[123.893346,9.692437],[123.893347,9.692618],[123.89362,9.692618],[123.89362,9.692527],[123.893438,9.692528],[123.893438,9.692437],[123.893346,9.692437]]],[[[123.895162,9.689629],[123.895527,9.689628],[123.895526,9.689538],[123.895162,9.689539],[123.895162,9.689629]]],[[[123.894343,9.689993],[123.894343,9.690084],[123.894525,9.690083],[123.894525,9.690173],[123.894617,9.690173],[123.894617,9.690264],[123.894799,9.690263],[123.894799,9.690173],[123.894708,9.690173],[123.894707,9.689992],[123.894343,9.689993]]],[[[123.894982,9.690353],[123.895164,9.690353],[123.895164,9.690262],[123.895619,9.690261],[123.895619,9.69008],[123.89571,9.69008],[123.89571,9.68999],[123.895163,9.689991],[123.895163,9.690081],[123.895072,9.690082],[123.895072,9.690172],[123.894981,9.690172],[123.894982,9.690353]]],[[[123.895985,9.690441],[123.896076,9.690441],[123.896076,9.690531],[123.896349,9.69053],[123.896349,9.69035],[123.896258,9.69035],[123.896258,9.690259],[123.895984,9.69026],[123.895985,9.690441]]],[[[123.893984,9.692345],[123.893985,9.692436],[123.894076,9.692436],[123.894075,9.692345],[123.893984,9.692345]]],[[[123.894167,9.692526],[123.894167,9.692435],[123.894076,9.692436],[123.894076,9.692526],[123.894167,9.692526]]],[[[123.893713,9.693341],[123.893805,9.693341],[123.893804,9.693069],[123.893713,9.69307],[123.893713,9.693341]]],[[[123.898621,9.687992],[123.898622,9.688173],[123.898531,9.688173],[123.898531,9.688264],[123.89844,9.688264],[123.89844,9.688355],[123.898349,9.688355],[123.898349,9.688536],[123.89844,9.688535],[123.89844,9.688445],[123.898531,9.688445],[123.898531,9.688354],[123.898622,9.688354],[123.898622,9.688264],[123.898713,9.688263],[123.898713,9.688083],[123.898804,9.688082],[123.898803,9.687901],[123.898712,9.687902],[123.898712,9.687992],[123.898621,9.687992]]],[[[123.896623,9.69062],[123.896714,9.69062],[123.896714,9.690439],[123.896623,9.690439],[123.896623,9.69062]]],[[[123.902376,9.686083],[123.902353,9.686061],[123.902353,9.686083],[123.902376,9.686083]]],[[[123.902903,9.687167],[123.903045,9.687167],[123.902995,9.687076],[123.902083,9.687079],[123.902083,9.687169],[123.902903,9.687167]]],[[[123.902093,9.691058],[123.902093,9.691148],[123.902185,9.691148],[123.902184,9.691058],[123.902093,9.691058]]],[[[123.901912,9.69133],[123.902003,9.69133],[123.902003,9.691239],[123.901911,9.691239],[123.901912,9.69133]]]]}},{"type":"Feature","properties":{"level":3,"classification":"high"},"geometry":{"type":"MultiPolygon","coordinates":[[[[123.857216,9.637634],[123.857203,9.637618],[123.857203,9.637634],[123.857216,9.637634]]],[[[123.881173,9.638116],[123.881082,9.638116],[123.881083,9.638478],[123.881448,9.638477],[123.881447,9.638296],[123.881538,9.638296],[123.881538,9.638206],[123.881629,9.638205],[123.881629,9.638025],[123.881447,9.638025],[123.881446,9.637935],[123.881355,9.637935],[123.881355,9.638025],[123.881173,9.638026],[123.881173,9.638116]]],[[[123.87846,9.646262],[123.878461,9.646353],[123.878369,9.646353],[123.87837,9.646534],[123.878279,9.646534],[123.878279,9.646625],[123.878097,9.646625],[123.878097,9.646535],[123.878005,9.646535],[123.878006,9.646625],[123.877823,9.646626],[123.877824,9.646716],[123.877732,9.646716],[123.877733,9.646807],[123.877642,9.646807],[123.877642,9.646898],[123.877824,9.646897],[123.877824,9.646988],[123.878553,9.646986],[123.878553,9.646895],[123.878735,9.646895],[123.878734,9.646443],[123.878643,9.646443],[123.878643,9.646352],[123.878552,9.646353],[123.878551,9.646262],[123.87846,9.646262]]],[[[123.87755,9.646626],[123.877459,9.646627],[123.877459,9.646717],[123.87755,9.646717],[123.87755,9.646626]]],[[[123.87755,9.646807],[123.877642,9.646807],[123.877641,9.646717],[123.87755,9.646717],[123.87755,9.646807]]],[[[123.874908,9.647176],[123.874726,9.647176],[123.874727,9.647357],[123.874909,9.647357],[123.874908,9.647176]]],[[[123.875911,9.647173],[123.875911,9.647083],[123.875728,9.647083],[123.875729,9.647174],[123.875546,9.647174],[123.875547,9.647265],[123.875455,9.647265],[123.875456,9.647355],[123.875365,9.647356],[123.875365,9.647446],[123.875,9.647447],[123.875,9.647537],[123.874909,9.647538],[123.87491,9.647628],[123.874818,9.647628],[123.874819,9.647719],[123.87491,9.647718],[123.87491,9.647809],[123.875183,9.647808],[123.875183,9.647718],[123.875274,9.647718],[123.875274,9.647537],[123.875365,9.647536],[123.875365,9.647627],[123.87573,9.647626],[123.87573,9.647536],[123.875912,9.647535],[123.875912,9.647445],[123.876003,9.647444],[123.876002,9.647173],[123.875911,9.647173]]],[[[123.874818,9.647447],[123.874727,9.647448],[123.874727,9.647538],[123.874818,9.647538],[123.874818,9.647447]]],[[[123.847133,9.655884],[123.847121,9.655922],[123.847133,9.655927],[123.847133,9.655884]]],[[[123.845954,9.658305],[123.84593,9.658372],[123.845954,9.658372],[123.845954,9.658305]]],[[[123.844685,9.660985],[123.844672,9.660998],[123.844685,9.660998],[123.844685,9.660985]]],[[[123.881703,9.666603],[123.88143,9.666603],[123.88143,9.666784],[123.881704,9.666783],[123.881703,9.666603]]],[[[123.876517,9.670143],[123.876882,9.670142],[123.876881,9.670052],[123.876973,9.670051],[123.876972,9.66978],[123.876881,9.66978],[123.876881,9.66969],[123.876789,9.66969],[123.87679,9.66978],[123.876698,9.669781],[123.876699,9.669871],[123.876608,9.669871],[123.876608,9.669962],[123.876517,9.669962],[123.876517,9.670143]]],[[[123.86487,9.677679],[123.864869,9.677498],[123.864505,9.677499],[123.864505,9.67768],[123.864596,9.677679],[123.864597,9.67777],[123.864688,9.67777],[123.864688,9.67786],[123.864779,9.67786],[123.864779,9.67795],[123.864962,9.67795],[123.864961,9.677678],[123.86487,9.677679]]],[[[123.87728,9.682983],[123.877097,9.682984],[123.877098,9.683074],[123.87728,9.683073],[123.87728,9.682983]]],[[[123.875824,9.683891],[123.875915,9.683891],[123.875914,9.68371],[123.876005,9.68371],[123.876005,9.683529],[123.876096,9.683529],[123.876096,9.683438],[123.876187,9.683438],[123.876187,9.683257],[123.876278,9.683257],[123.876277,9.683166],[123.876369,9.683166],[123.876368,9.683076],[123.876459,9.683076],[123.876459,9.682985],[123.876368,9.682985],[123.876368,9.682895],[123.876277,9.682895],[123.876277,9.682986],[123.876095,9.682986],[123.876095,9.683077],[123.876004,9.683077],[123.876004,9.683167],[123.875913,9.683167],[123.875913,9.683258],[123.875822,9.683258],[123.875822,9.683349],[123.875731,9.683349],[123.875731,9.68353],[123.87564,9.68353],[123.875641,9.683711],[123.87555,9.683711],[123.87555,9.683892],[123.875459,9.683892],[123.875459,9.683983],[123.875368,9.683983],[123.875369,9.684164],[123.875277,9.684164],[123.875278,9.684435],[123.875187,9.684435],[123.875187,9.684526],[123.875005,9.684526],[123.875005,9.684707],[123.87537,9.684706],[123.87537,9.684616],[123.875461,9.684616],[123.875461,9.684525],[123.875552,9.684525],[123.875552,9.684434],[123.875643,9.684434],[123.875642,9.684253],[123.875733,9.684253],[123.875733,9.684072],[123.875824,9.684072],[123.875824,9.683891]]],[[[123.86699,9.686808],[123.867081,9.686807],[123.867081,9.686717],[123.866989,9.686717],[123.86699,9.686808]]],[[[123.867263,9.686897],[123.867263,9.686807],[123.867172,9.686807],[123.867172,9.686898],[123.867263,9.686897]]],[[[123.866899,9.686808],[123.866899,9.686898],[123.86699,9.686898],[123.86699,9.686808],[123.866899,9.686808]]],[[[123.867537,9.686987],[123.867537,9.686897],[123.867446,9.686897],[123.867446,9.686987],[123.867537,9.686987]]],[[[123.867172,9.686898],[123.867081,9.686898],[123.867081,9.686988],[123.867172,9.686988],[123.867172,9.686898]]],[[[123.867537,9.686987],[123.867537,9.687077],[123.867628,9.687077],[123.867628,9.686987],[123.867537,9.686987]]],[[[123.866178,9.690337],[123.866452,9.690336],[123.866543,9.690336],[123.866543,9.690245],[123.866725,9.690245],[123.866725,9.690064],[123.866816,9.690064],[123.866815,9.689792],[123.866906,9.689792],[123.866906,9.689521],[123.866814,9.689521],[123.866814,9.68934],[123.866723,9.68934],[123.866722,9.68916],[123.866631,9.68916],[123.866631,9.689069],[123.86654,9.68907],[123.86654,9.688979],[123.866448,9.688979],[123.866448,9.688708],[123.866357,9.688708],[123.866356,9.688618],[123.866265,9.688618],[123.866265,9.688437],[123.866174,9.688438],[123.866173,9.688347],[123.865991,9.688348],[123.865991,9.688257],[123.8659,9.688257],[123.865899,9.688167],[123.865808,9.688167],[123.865808,9.688077],[123.865626,9.688077],[123.865625,9.687987],[123.865352,9.687987],[123.865352,9.687897],[123.864349,9.687899],[123.864349,9.68799],[123.864167,9.68799],[123.864167,9.688081],[123.864076,9.688081],[123.864076,9.688171],[123.863985,9.688172],[123.863986,9.688262],[123.863894,9.688262],[123.863895,9.688353],[123.863803,9.688353],[123.863804,9.688443],[123.863713,9.688444],[123.863713,9.688534],[123.863622,9.688534],[123.863622,9.688625],[123.863531,9.688625],[123.863531,9.688715],[123.86344,9.688716],[123.86344,9.688806],[123.863349,9.688806],[123.863351,9.689801],[123.863443,9.689801],[123.863443,9.689982],[123.863534,9.689982],[123.863535,9.690162],[123.863626,9.690162],[123.863626,9.690253],[123.863717,9.690252],[123.863717,9.690343],[123.863809,9.690343],[123.863809,9.690433],[123.863991,9.690433],[123.863991,9.690523],[123.864174,9.690523],[123.864174,9.690613],[123.864538,9.690612],[123.864538,9.690522],[123.864903,9.690521],[123.864903,9.69043],[123.865085,9.69043],[123.865085,9.690339],[123.865176,9.690339],[123.865176,9.690249],[123.865267,9.690249],[123.865267,9.690339],[123.865905,9.690337],[123.865905,9.690247],[123.866178,9.690246],[123.866178,9.690337]],[[123.865537,9.689072],[123.865539,9.689796],[123.865448,9.689796],[123.865448,9.689977],[123.865357,9.689977],[123.865357,9.690067],[123.865084,9.690068],[123.865084,9.689978],[123.864993,9.689978],[123.864992,9.689887],[123.864901,9.689888],[123.864901,9.689797],[123.86481,9.689798],[123.864809,9.689617],[123.864718,9.689617],[123.864717,9.689346],[123.864809,9.689345],[123.864808,9.689255],[123.8649,9.689255],[123.864899,9.689074],[123.86499,9.689074],[123.86499,9.688983],[123.865355,9.688982],[123.865355,9.689163],[123.865446,9.689163],[123.865446,9.689072],[123.865537,9.689072]]],[[[123.869822,9.689514],[123.869823,9.689694],[123.870005,9.689694],[123.870005,9.689603],[123.869914,9.689604],[123.869913,9.689513],[123.869822,9.689514]]],[[[123.869004,9.69051],[123.869004,9.69033],[123.869186,9.690329],[123.869186,9.690058],[123.868912,9.690058],[123.868912,9.690149],[123.868821,9.690149],[123.868822,9.69042],[123.868913,9.69042],[123.868913,9.690511],[123.869004,9.69051]]],[[[123.869148,9.694128],[123.869105,9.694128],[123.869105,9.694143],[123.869148,9.694128]]],[[[123.869192,9.694127],[123.869196,9.694129],[123.869196,9.694127],[123.869192,9.694127]]],[[[123.869462,9.694217],[123.86947,9.69422],[123.86947,9.694217],[123.869462,9.694217]]],[[[123.869835,9.694307],[123.869632,9.694307],[123.869791,9.694488],[123.869835,9.694488],[123.869835,9.694307]]],[[[123.868467,9.694129],[123.868467,9.69422],[123.868376,9.69422],[123.868376,9.69431],[123.868285,9.694311],[123.868285,9.694401],[123.868194,9.694401],[123.868195,9.694582],[123.868286,9.694582],[123.868286,9.694672],[123.868338,9.694672],[123.868377,9.694582],[123.868406,9.694582],[123.8686,9.69432],[123.868923,9.694207],[123.868922,9.694038],[123.86874,9.694038],[123.86874,9.694129],[123.868467,9.694129]]],[[[123.870401,9.694396],[123.870529,9.694305],[123.870382,9.694305],[123.870382,9.694396],[123.870401,9.694396]]],[[[123.870746,9.694304],[123.870578,9.694305],[123.870746,9.694395],[123.870746,9.694304]]],[[[123.881229,9.69465],[123.881229,9.694458],[123.881047,9.694459],[123.881061,9.69473],[123.881229,9.69465]]],[[[123.871477,9.694845],[123.871476,9.694755],[123.871385,9.694755],[123.871385,9.694574],[123.871083,9.694575],[123.87128,9.69468],[123.871386,9.694845],[123.871477,9.694845]]],[[[123.880227,9.694642],[123.880227,9.694732],[123.880136,9.694733],[123.880136,9.694823],[123.880045,9.694823],[123.880045,9.694914],[123.879954,9.694914],[123.879954,9.695004],[123.879863,9.695005],[123.879863,9.695185],[123.879772,9.695186],[123.879773,9.695457],[123.879682,9.695457],[123.879682,9.695548],[123.879591,9.695548],[123.879591,9.695638],[123.8795,9.695639],[123.8795,9.695729],[123.879591,9.695729],[123.879591,9.695749],[123.880228,9.695282],[123.880228,9.695185],[123.880319,9.695184],[123.880319,9.695003],[123.880501,9.695003],[123.8805,9.694641],[123.880227,9.694642]]],[[[123.87178,9.695658],[123.871843,9.695658],[123.871844,9.695749],[123.872026,9.695748],[123.872026,9.695658],[123.872117,9.695657],[123.872116,9.695477],[123.872025,9.695477],[123.872025,9.695386],[123.871934,9.695387],[123.871934,9.695296],[123.871751,9.695297],[123.871751,9.695116],[123.87166,9.695116],[123.871659,9.695026],[123.871568,9.695026],[123.871568,9.694935],[123.871411,9.694936],[123.871687,9.695478],[123.871752,9.695477],[123.871752,9.695604],[123.87178,9.695658]]],[[[123.878863,9.696092],[123.878954,9.696092],[123.878955,9.696273],[123.879046,9.696273],[123.879046,9.696363],[123.879137,9.696363],[123.879137,9.696273],[123.879228,9.696272],[123.879228,9.696182],[123.879319,9.696182],[123.879319,9.696001],[123.879136,9.696001],[123.879136,9.69582],[123.879045,9.695821],[123.879045,9.695911],[123.878954,9.695911],[123.878954,9.696002],[123.878863,9.696002],[123.878863,9.696092]]],[[[123.879502,9.696543],[123.879688,9.696542],[123.879867,9.696468],[123.879867,9.696361],[123.880017,9.696361],[123.88004,9.6962],[123.879957,9.69618],[123.879957,9.696128],[123.87974,9.69609],[123.879684,9.696121],[123.879684,9.696271],[123.879593,9.696271],[123.879593,9.696362],[123.879502,9.696362],[123.879502,9.696543]]],[[[123.879228,9.696363],[123.87932,9.696363],[123.879319,9.696272],[123.879228,9.696272],[123.879228,9.696363]]],[[[123.874124,9.696285],[123.874124,9.696195],[123.874032,9.696195],[123.874032,9.696105],[123.873941,9.696105],[123.873941,9.696015],[123.873394,9.696016],[123.873394,9.695926],[123.873303,9.695926],[123.873303,9.696016],[123.873029,9.696017],[123.87303,9.696107],[123.872847,9.696108],[123.872847,9.696198],[123.872756,9.696198],[123.872757,9.696264],[123.87282,9.69628],[123.87385,9.69613],[123.874215,9.696338],[123.874215,9.696285],[123.874124,9.696285]]],[[[123.879229,9.696544],[123.879229,9.696725],[123.879138,9.696725],[123.879139,9.696906],[123.87923,9.696905],[123.87923,9.697086],[123.879868,9.697085],[123.879868,9.696994],[123.879959,9.696994],[123.87982,9.696904],[123.879595,9.696904],[123.879594,9.696814],[123.879503,9.696814],[123.879503,9.696724],[123.879412,9.696724],[123.879411,9.696453],[123.87932,9.696453],[123.87932,9.696543],[123.879229,9.696544]]],[[[123.880233,9.696993],[123.880142,9.696993],[123.880142,9.697084],[123.880233,9.697084],[123.880233,9.696993]]],[[[123.880689,9.697173],[123.880416,9.697174],[123.880416,9.697264],[123.880234,9.697265],[123.880234,9.697355],[123.880051,9.697355],[123.880052,9.697446],[123.879869,9.697446],[123.87987,9.697537],[123.879778,9.697537],[123.879779,9.697627],[123.879702,9.697628],[123.8799,9.6977],[123.88004,9.69769],[123.88039,9.6974],[123.880599,9.697416],[123.880598,9.697354],[123.880689,9.697354],[123.880689,9.697173]]],[[[123.879505,9.697538],[123.879456,9.697538],[123.879596,9.697589],[123.879596,9.697538],[123.879505,9.697538]]],[[[123.87914,9.697566],[123.879258,9.697538],[123.87914,9.697539],[123.87914,9.697566]]],[[[123.878867,9.697656],[123.878914,9.69763],[123.878867,9.69763],[123.878867,9.697656]]],[[[123.878685,9.697757],[123.87875,9.697721],[123.878685,9.697721],[123.878685,9.697757]]],[[[123.878139,9.698059],[123.878422,9.697902],[123.878139,9.697903],[123.878139,9.698059]]],[[[123.875158,9.698001],[123.87523,9.69809],[123.875314,9.698105],[123.875313,9.698001],[123.875158,9.698001]]],[[[123.877229,9.698538],[123.877138,9.698539],[123.877138,9.698629],[123.877047,9.698629],[123.877047,9.69872],[123.877229,9.698719],[123.87723,9.69881],[123.877321,9.698809],[123.87732,9.698719],[123.877352,9.698719],[123.87745,9.69844],[123.877593,9.698361],[123.877593,9.698266],[123.877319,9.698267],[123.87732,9.698357],[123.877228,9.698358],[123.877229,9.698538]]],[[[123.876045,9.698843],[123.875986,9.698903],[123.876045,9.698903],[123.876045,9.698843]]],[[[123.876226,9.698656],[123.876074,9.698813],[123.876227,9.698812],[123.876226,9.698656]]],[[[123.876317,9.698541],[123.876408,9.69854],[123.876408,9.69836],[123.876317,9.69836],[123.876317,9.698269],[123.876262,9.69827],[123.87631,9.69842],[123.8763,9.69858],[123.87625,9.698631],[123.876318,9.698631],[123.876317,9.698541]]],[[[123.884513,9.625627],[123.884604,9.625627],[123.884604,9.625537],[123.884513,9.625537],[123.884512,9.625446],[123.884421,9.625447],[123.884421,9.625537],[123.884148,9.625538],[123.884149,9.625719],[123.884513,9.625718],[123.884513,9.625627]]],[[[123.884262,9.6344],[123.884353,9.6344],[123.884353,9.63431],[123.884262,9.63431],[123.884262,9.6344]]],[[[123.884263,9.634491],[123.884262,9.6344],[123.884171,9.634401],[123.884171,9.63431],[123.88408,9.63431],[123.88408,9.634491],[123.884263,9.634491]]],[[[123.883895,9.633406],[123.884077,9.633406],[123.884078,9.633677],[123.884352,9.633677],[123.884352,9.633767],[123.884261,9.633767],[123.884261,9.633858],[123.884443,9.633857],[123.884443,9.633948],[123.884534,9.633947],[123.884535,9.634038],[123.884626,9.634038],[123.884626,9.634218],[123.884809,9.634218],[123.884809,9.634308],[123.884444,9.634309],[123.884445,9.6344],[123.884536,9.6344],[123.884536,9.63449],[123.884445,9.63449],[123.884445,9.634581],[123.884354,9.634581],[123.884354,9.634762],[123.884537,9.634761],[123.884537,9.634852],[123.884719,9.634851],[123.884719,9.634942],[123.88481,9.634942],[123.884811,9.635032],[123.884902,9.635032],[123.884902,9.635122],[123.885175,9.635121],[123.885175,9.635031],[123.885266,9.635031],[123.885266,9.634759],[123.885175,9.63476],[123.885173,9.634308],[123.885447,9.634307],[123.885447,9.634216],[123.885538,9.634216],[123.885537,9.634126],[123.885629,9.634125],[123.885628,9.634035],[123.885719,9.634035],[123.885719,9.633854],[123.88581,9.633854],[123.885808,9.63304],[123.885717,9.63304],[123.885716,9.632769],[123.885625,9.632769],[123.885624,9.632498],[123.885533,9.632498],[123.885532,9.632227],[123.885441,9.632227],[123.885441,9.631955],[123.88535,9.631956],[123.885349,9.631865],[123.885258,9.631865],[123.885258,9.631685],[123.885167,9.631685],[123.885166,9.631594],[123.885075,9.631595],[123.885075,9.631504],[123.884984,9.631504],[123.884984,9.631414],[123.884892,9.631414],[123.884892,9.631324],[123.884801,9.631324],[123.884801,9.631234],[123.88471,9.631234],[123.884709,9.631143],[123.884527,9.631144],[123.884527,9.631053],[123.884436,9.631054],[123.884436,9.630963],[123.884253,9.630964],[123.884253,9.630873],[123.884071,9.630874],[123.884071,9.630783],[123.883888,9.630784],[123.883888,9.630693],[123.883615,9.630694],[123.883614,9.630604],[123.883159,9.630605],[123.883159,9.630514],[123.882247,9.630517],[123.882247,9.630607],[123.881701,9.630608],[123.881701,9.630699],[123.881519,9.630699],[123.881519,9.63079],[123.881337,9.63079],[123.881337,9.630881],[123.881246,9.630881],[123.881246,9.630971],[123.881064,9.630972],[123.881064,9.631062],[123.880973,9.631063],[123.880973,9.631153],[123.880882,9.631153],[123.880882,9.631244],[123.880791,9.631244],[123.880791,9.631334],[123.8807,9.631335],[123.8807,9.631425],[123.880609,9.631425],[123.880609,9.631516],[123.880518,9.631516],[123.880519,9.631606],[123.880427,9.631607],[123.880428,9.631697],[123.880336,9.631697],[123.880337,9.631788],[123.880246,9.631788],[123.880246,9.631878],[123.880155,9.631879],[123.880155,9.632059],[123.880064,9.63206],[123.880064,9.632241],[123.879973,9.632241],[123.879974,9.632512],[123.879883,9.632512],[123.879884,9.632784],[123.879792,9.632784],[123.879793,9.633146],[123.879702,9.633146],[123.879705,9.63405],[123.879614,9.63405],[123.879613,9.63396],[123.878975,9.633962],[123.878976,9.634052],[123.878793,9.634053],[123.878794,9.634143],[123.878611,9.634143],[123.878612,9.634234],[123.87852,9.634234],[123.878521,9.634325],[123.878429,9.634325],[123.87843,9.634415],[123.878339,9.634415],[123.878339,9.634506],[123.878248,9.634506],[123.878248,9.634597],[123.878157,9.634597],[123.878157,9.634778],[123.878066,9.634778],[123.878067,9.635049],[123.877976,9.635049],[123.877977,9.635502],[123.877886,9.635502],[123.877887,9.635954],[123.877978,9.635954],[123.877979,9.636225],[123.87807,9.636225],[123.878071,9.636587],[123.87798,9.636587],[123.877981,9.636949],[123.877889,9.636949],[123.877891,9.637401],[123.877982,9.637401],[123.877983,9.637763],[123.878074,9.637762],[123.878074,9.637943],[123.878165,9.637943],[123.878166,9.638124],[123.878257,9.638124],[123.878257,9.638214],[123.878348,9.638214],[123.878349,9.638304],[123.878622,9.638304],[123.878622,9.638394],[123.878896,9.638393],[123.878895,9.638303],[123.879078,9.638302],[123.879077,9.638121],[123.879168,9.638121],[123.879167,9.637759],[123.879259,9.637759],[123.879258,9.637488],[123.879349,9.637488],[123.879349,9.637307],[123.87944,9.637307],[123.879439,9.637126],[123.87953,9.637126],[123.87953,9.636945],[123.879621,9.636944],[123.879621,9.636764],[123.879712,9.636763],[123.879711,9.636582],[123.87962,9.636583],[123.87962,9.636492],[123.879529,9.636492],[123.879528,9.636402],[123.879346,9.636402],[123.879345,9.636131],[123.879437,9.636131],[123.879436,9.63595],[123.879527,9.63595],[123.879527,9.635769],[123.879618,9.635769],[123.879617,9.635588],[123.879709,9.635588],[123.879708,9.635407],[123.879799,9.635407],[123.879799,9.635316],[123.87989,9.635316],[123.87989,9.635135],[123.880345,9.635134],[123.880345,9.635043],[123.880527,9.635043],[123.880528,9.635133],[123.88071,9.635133],[123.880709,9.634862],[123.880527,9.634862],[123.880527,9.634772],[123.880344,9.634772],[123.880344,9.634591],[123.880526,9.634591],[123.880526,9.6345],[123.880708,9.6345],[123.880708,9.634409],[123.880799,9.634409],[123.880799,9.634319],[123.88089,9.634318],[123.88089,9.634228],[123.881072,9.634228],[123.881072,9.634137],[123.881163,9.634137],[123.881163,9.634046],[123.881254,9.634046],[123.881254,9.633956],[123.881345,9.633956],[123.881345,9.633865],[123.881436,9.633865],[123.881435,9.633684],[123.881526,9.633684],[123.881526,9.633593],[123.881617,9.633593],[123.881617,9.633503],[123.881708,9.633502],[123.881708,9.633412],[123.88189,9.633412],[123.88189,9.633321],[123.881981,9.633321],[123.881981,9.63323],[123.882072,9.63323],[123.882072,9.63314],[123.882163,9.63314],[123.882163,9.633049],[123.882254,9.633049],[123.882253,9.632868],[123.882436,9.632868],[123.882435,9.632777],[123.882618,9.632777],[123.882617,9.632686],[123.882891,9.632685],[123.882891,9.632776],[123.882982,9.632776],[123.882982,9.632866],[123.883165,9.632866],[123.883165,9.632956],[123.883256,9.632956],[123.883256,9.633046],[123.883347,9.633046],[123.883348,9.633137],[123.88353,9.633136],[123.88353,9.633046],[123.883621,9.633045],[123.883621,9.633226],[123.883712,9.633226],[123.883713,9.633316],[123.883895,9.633316],[123.883895,9.633406]],[[123.883256,9.632865],[123.883347,9.632865],[123.883347,9.632956],[123.883256,9.632956],[123.883256,9.632865]],[[123.883712,9.633136],[123.883803,9.633135],[123.883804,9.633226],[123.883712,9.633226],[123.883712,9.633136]]],[[[123.885658,9.64534],[123.885658,9.64543],[123.885749,9.64543],[123.885749,9.645339],[123.885658,9.64534]]],[[[123.885294,9.645431],[123.885293,9.645341],[123.885202,9.645341],[123.885202,9.645431],[123.885294,9.645431]]],[[[123.885294,9.645431],[123.885294,9.645521],[123.885385,9.645521],[123.885385,9.645431],[123.885294,9.645431]]],[[[123.885111,9.645431],[123.885111,9.645522],[123.885203,9.645522],[123.885202,9.645431],[123.885111,9.645431]]],[[[123.885385,9.645612],[123.885476,9.645611],[123.885476,9.645521],[123.885385,9.645521],[123.885385,9.645612]]],[[[123.881922,9.645621],[123.881922,9.64553],[123.881831,9.64553],[123.881831,9.645621],[123.881922,9.645621]]],[[[123.885568,9.645792],[123.885659,9.645792],[123.885659,9.645701],[123.88575,9.645701],[123.885749,9.64552],[123.885658,9.645521],[123.885659,9.645611],[123.885476,9.645611],[123.885476,9.645702],[123.885568,9.645702],[123.885568,9.645792]]],[[[123.881922,9.645711],[123.882013,9.645711],[123.882013,9.64562],[123.881922,9.645621],[123.881922,9.645711]]],[[[123.885386,9.645793],[123.885385,9.645702],[123.885294,9.645702],[123.885294,9.645612],[123.885203,9.645612],[123.885203,9.645793],[123.885386,9.645793]]],[[[123.885386,9.645793],[123.885386,9.645883],[123.885477,9.645883],[123.885477,9.645792],[123.885386,9.645793]]],[[[123.88575,9.645882],[123.885751,9.645972],[123.885568,9.645973],[123.885569,9.646063],[123.885751,9.646063],[123.885751,9.646153],[123.885933,9.646153],[123.885933,9.645972],[123.885842,9.645972],[123.885842,9.645882],[123.88575,9.645882]]],[[[123.882159,9.666601],[123.882068,9.666602],[123.882068,9.666692],[123.882159,9.666692],[123.882159,9.666601]]],[[[123.887647,9.674184],[123.887738,9.674184],[123.887739,9.674274],[123.88783,9.674274],[123.88783,9.674184],[123.887921,9.674183],[123.88792,9.674093],[123.887829,9.674093],[123.887829,9.674003],[123.887647,9.674003],[123.887647,9.673913],[123.887555,9.673913],[123.887556,9.674003],[123.887465,9.674004],[123.887465,9.674094],[123.887647,9.674094],[123.887647,9.674184]]],[[[123.885476,9.68052],[123.885477,9.680611],[123.885568,9.68061],[123.885568,9.68052],[123.885476,9.68052]]],[[[123.885568,9.680791],[123.885568,9.680882],[123.885751,9.680881],[123.885751,9.680791],[123.885659,9.680791],[123.885659,9.680701],[123.885477,9.680701],[123.885477,9.680792],[123.885568,9.680791]]],[[[123.890779,9.686475],[123.890687,9.686476],[123.890688,9.686656],[123.89087,9.686656],[123.89087,9.686566],[123.890779,9.686566],[123.890779,9.686475]]],[[[123.890962,9.686927],[123.890962,9.686746],[123.890779,9.686747],[123.89078,9.686837],[123.890871,9.686837],[123.890871,9.686927],[123.890962,9.686927]]],[[[123.893255,9.692438],[123.893255,9.692347],[123.893164,9.692348],[123.893164,9.692528],[123.893347,9.692528],[123.893346,9.692437],[123.893255,9.692438]]],[[[123.893256,9.692619],[123.893256,9.692709],[123.893347,9.692709],[123.893347,9.692618],[123.893256,9.692619]]],[[[123.893713,9.69316],[123.893622,9.69316],[123.893622,9.693341],[123.893713,9.693341],[123.893713,9.69316]]],[[[123.89853,9.688083],[123.898348,9.688083],[123.898349,9.688264],[123.898257,9.688265],[123.898258,9.688355],[123.89844,9.688355],[123.89844,9.688174],[123.898531,9.688173],[123.89853,9.688083]]]]}}],"metadata":{"hazard":"landslide","scenario":"Merged shallow, structurally controlled, and debris-flow models","source":"Project NOAH","sourceUrl":"https://huggingface.co/datasets/bettergovph/project-noah-hazard-maps/tree/main/Landslide/LandslideHazards","license":"ODC-ODbL-1.0","retrievedAt":"2026-07-28","transformation":"Clipped to the indicative Tagbilaran City boundary, topology-preserving simplification, six-decimal precision."}}